Rank,Name,Team,Position,Week,Opponent,SnapsPlayed,SnapsPlayedPercentage,RushSnapPercentage,TargetSnapPercentage,TouchSnapPercentage,IntendedTouchSnapPercentage,FantasyPointsDraftKings,FantasyPointSnapPercentageDraftKings
1,Nick Chubb,CLE,RB,4,OAK,3,3.7,100,0,100,100,25.5,850
2,CJ Anderson,CAR,RB,3,CIN,3,4.5,66.7,33.3,100,100,10.3,343.3
3,Malcolm Brown,LAR,RB,9,NO,6,10,0,16.7,16.7,16.7,8.8,146.7
4,Isaiah Crowell,NYJ,RB,5,DEN,25,40.3,60,4,64,64,33.1,132.4
5,Chris Ivory,BUF,RB,2,LAC,9,14.5,22.2,22.2,33.3,44.4,10.7,118.9
6,Raheem Mostert,SF,RB,9,OAK,14,25.5,50,0,50,50,14.6,104.3
7,Alfred Blue,HOU,RB,1,NE,10,13.5,50,0,50,50,9.6,96
8,Matt Breida,SF,RB,5,ARI,13,13.3,61.5,7.7,69.2,69.2,13.1,100.8
9,Isaiah Crowell,NYJ,RB,1,DET,24,40,41.7,0,41.7,41.7,25.2,105
10,Melvin Gordon,LAC,RB,6,CLE,38,63.3,47.4,10.5,52.6,57.9,38,100
11,Kapri Bibbs,WAS,RB,5,NO,8,13.1,50,0,50,50,6.9,86.2
12,Austin Ekeler,LAC,RB,1,KC,22,26.8,22.7,22.7,45.5,45.5,23.6,107.3
13,Matt Breida,SF,RB,2,DET,26,40.6,42.3,15.4,53.8,57.7,27.9,107.3
14,Marlon Mack,IND,RB,7,BUF,37,56.1,51.4,8.1,56.8,59.5,34.9,94.3
15,Tarik Cohen,CHI,RB,4,TB,29,47.5,44.8,27.6,69,72.4,33.4,115.2
16,Royce Freeman,DEN,RB,4,KC,16,26.7,50,0,50,50,12.7,79.4
17,Kareem Hunt,KC,RB,6,NE,31,57.4,32.3,19.4,48.4,51.6,32.5,104.8
18,LeGarrette Blount,DET,RB,5,GB,18,29,66.7,0,66.7,66.7,14.2,78.9
19,Roc Thomas,MIN,RB,7,NYJ,3,4.3,33.3,0,33.3,33.3,2.3,76.7
20,Adrian Peterson,WAS,RB,3,GB,32,52.5,59.4,0,59.4,59.4,27,84.4
21,Todd Gurley,LAR,RB,7,SF,36,59,41.7,13.9,52.8,55.6,30.6,85
22,Alvin Kamara,NO,RB,9,LAR,41,57.7,46.3,12.2,56.1,58.5,33.6,82
23,Tevin Coleman,ATL,RB,9,WAS,39,57.4,33.3,17.9,46.2,51.3,32.6,83.6
24,Kareem Hunt,KC,RB,7,CIN,46,65.7,32.6,13,43.5,45.7,37.1,80.7
25,Jay Ajayi,PHI,RB,1,ATL,29,40.3,51.7,0,51.7,51.7,20.2,69.7
26,Melvin Gordon,LAC,RB,2,BUF,36,63.2,25,19.4,41.7,44.4,30.6,85
27,James Conner,PIT,RB,5,ATL,45,73.8,46.7,8.9,55.6,55.6,37.5,83.3
28,Mike Boone,MIN,RB,6,ARI,3,4.2,33.3,0,33.3,33.3,2,66.7
29,Derrick Henry,TEN,RB,9,DAL,14,20,42.9,14.3,57.1,57.1,11.2,80
30,Alvin Kamara,NO,RB,1,TB,52,81.2,15.4,23.1,32.7,38.5,46.1,88.7
31,Kareem Hunt,KC,RB,9,CLE,50,78.1,34,4,36,38,33.1,66.2
31,Jordan Howard,CHI,RB,9,BUF,26,51,53.8,0,53.8,53.8,16.7,64.2
33,Adrian Peterson,WAS,RB,8,NYG,41,60.3,63.4,2.4,65.9,65.9,30.6,74.6
34,Phillip Lindsay,DEN,RB,1,SEA,26,35.1,57.7,11.5,65.4,69.2,18.2,70
35,Alvin Kamara,NO,RB,4,NYG,59,84.3,32.2,15.3,40.7,47.5,44.1,74.7
36,Sony Michel,NE,RB,6,KC,37,47.4,64.9,2.7,64.9,67.6,25.6,69.2
37,Alex Armah,CAR,RB,9,TB,10,16.1,10,0,10,10,6.1,61
38,Sony Michel,NE,RB,5,IND,28,40.6,64.3,3.6,67.9,67.9,18,64.3
39,Todd Gurley,LAR,RB,2,ARI,49,68.1,38.8,6.1,44.9,44.9,32.3,65.9
40,Todd Gurley,LAR,RB,6,DEN,58,78.4,48.3,8.6,51.7,56.9,39.5,68.1
41,James Conner,PIT,RB,8,CLE,56,78.9,42.9,10.7,51.8,53.6,41.2,73.6
42,Isaiah Crowell,NYJ,RB,3,CLE,29,46,55.2,10.3,62.1,65.5,19.1,65.9
43,Duke Johnson,CLE,RB,9,KC,35,46.7,2.9,25.7,28.6,28.6,29.6,84.6
44,Ito Smith,ATL,RB,5,PIT,12,16.7,25,8.3,33.3,33.3,8,66.7
45,Kenyan Drake,MIA,RB,8,HOU,37,56.1,32.4,5.4,37.8,37.8,23.5,63.5
46,James White,NE,RB,4,MIA,40,49.4,20,25,40,45,31.2,78
46,Kerryon Johnson,DET,RB,4,DAL,20,37,45,5,50,50,12.6,63
48,Phillip Lindsay,DEN,RB,4,KC,24,40,50,8.3,58.3,58.3,15.9,66.2
48,Spencer Ware,KC,RB,9,CLE,14,21.9,14.3,35.7,42.9,50,12.1,86.4
50,Saquon Barkley,NYG,RB,6,PHI,50,76.9,26,24,44,50,40.9,81.8
51,Malcolm Brown,LAR,RB,1,OAK,4,6.3,25,50,75,75,4.3,107.5
52,Chris Thompson,WAS,RB,1,ARI,33,41.8,15.2,21.2,33.3,36.4,24.8,75.2
53,Lamar Miller,HOU,RB,8,MIA,34,55.7,52.9,5.9,52.9,58.8,22.3,65.6
54,Ezekiel Elliott,DAL,RB,4,DET,53,76.8,47.2,7.5,54.7,54.7,37,69.8
55,Anthony Sherman,KC,FB,1,LAC,17,30.4,0,5.9,5.9,5.9,10.6,62.4
56,Alfred Morris,SF,RB,3,KC,23,33.8,60.9,0,60.9,60.9,12.7,55.2
57,Royce Freeman,DEN,RB,2,OAK,16,24.2,50,6.2,50,56.2,8.8,55
57,Zach Line,NO,FB,3,ATL,12,15.2,0,16.7,16.7,16.7,8.6,71.7
59,Marlon Mack,IND,RB,8,OAK,49,62.8,51,8.2,55.1,59.2,31.9,65.1
60,Mike Davis,SEA,RB,5,LAR,25,41.7,48,8,56,56,15.5,62
61,Royce Freeman,DEN,RB,7,ARI,18,30.5,72.2,0,72.2,72.2,9.7,53.9
62,Rashaad Penny,SEA,RB,6,OAK,13,20.3,69.2,15.4,84.6,84.6,9,69.2
63,Mark Ingram,NO,RB,5,WAS,36,54.5,44.4,8.3,50,52.8,21.3,59.2
64,Jamaal Williams,GB,RB,8,LAR,13,25,30.8,7.7,30.8,38.5,6.9,53.1
65,Nick Chubb,CLE,RB,1,PIT,4,4.5,75,0,75,75,2.1,52.5
66,LeGarrette Blount,DET,RB,7,MIA,21,32.8,47.6,0,47.6,47.6,11,52.4
67,Kareem Hunt,KC,RB,4,DEN,45,57.7,42.2,8.9,48.9,51.1,29.5,65.6
68,Sony Michel,NE,RB,4,MIA,33,40.7,75.8,0,75.8,75.8,20.2,61.2
68,Wendell Smallwood,PHI,RB,5,MIN,29,49.2,10.3,13.8,20.7,24.1,18.1,62.4
68,Wendell Smallwood,PHI,RB,3,IND,29,35.4,34.5,17.2,44.8,51.7,18.1,62.4
68,Derrick Henry,TEN,RB,7,LAC,24,33.8,50,8.3,58.3,58.3,14.5,60.4
72,Saquon Barkley,NYG,RB,5,CAR,48,85.7,31.2,8.3,39.6,39.6,28.9,60.2
72,Mike Davis,SEA,RB,4,ARI,47,71.2,44.7,8.5,53.2,53.2,31.4,66.8
74,Austin Ekeler,LAC,RB,5,OAK,23,35.9,26.1,13,30.4,39.1,12.9,56.1
75,Alvin Kamara,NO,RB,8,MIN,38,71.7,34.2,21.1,52.6,55.3,26.6,70
76,Alex Collins,BAL,RB,6,TEN,34,45.3,55.9,0,55.9,55.9,17.4,51.2
77,Austin Ekeler,LAC,RB,4,SF,23,33.8,34.8,13,43.5,47.8,13.6,59.1
77,Kapri Bibbs,WAS,RB,7,DAL,23,38.3,8.7,21.7,26.1,30.4,15.6,67.8
79,Gus Edwards,BAL,RB,9,PIT,2,3.3,50,0,50,50,1,50
79,Brandon Wilds,JAX,RB,3,TEN,1,1.8,100,0,100,100,0.5,50
79,Kalen Ballage,MIA,RB,8,HOU,1,1.5,100,0,100,100,0.5,50
82,Joe Mixon,CIN,RB,1,IND,42,76.4,40.5,16.7,52.4,57.1,25.9,61.7
83,Carlos Hyde,CLE,RB,3,NYJ,45,58.4,51.1,6.7,55.6,57.8,24.3,54
83,Corey Clement,PHI,RB,6,NYG,26,36.6,42.3,11.5,53.8,53.8,15.9,61.2
85,Giovani Bernard,CIN,RB,4,ATL,44,60.3,34.1,9.1,43.2,43.2,25.6,58.2
86,Adrian Peterson,WAS,RB,1,ARI,42,53.2,61.9,7.1,66.7,69,23.6,56.2
86,Aaron Jones,GB,RB,4,BUF,29,38.2,37.9,3.4,41.4,41.4,15.2,52.4
88,Melvin Gordon,LAC,RB,4,SF,49,72.1,30.6,20.4,44.9,51,33.9,69.2
89,Latavius Murray,MIN,RB,9,DET,22,44.9,45.5,4.5,50,50,11.7,53.2
90,James White,NE,RB,7,CHI,45,70.3,24.4,22.2,42.2,46.7,29.7,66
91,Roosevelt Nix,PIT,RB,2,KC,4,4.9,0,25,25,25,2.9,72.5
92,Tarik Cohen,CHI,RB,6,MIA,34,48.6,14.7,26.5,35.3,41.2,24.1,70.9
93,Kenneth Dixon,BAL,RB,1,BUF,22,27.5,59.1,0,59.1,59.1,10.4,47.3
94,Kerryon Johnson,DET,RB,7,MIA,38,59.4,50,7.9,55.3,57.9,22.9,60.3
95,Joe Mixon,CIN,RB,8,TB,55,84.6,38.2,7.3,43.6,45.5,31.8,57.8
96,Frank Gore,MIA,RB,4,NE,25,51,44,12,52,56,13.7,54.8
97,De'Lance Turner,BAL,RB,4,PIT,3,3.9,33.3,33.3,66.7,66.7,2.4,80
97,Nick Chubb,CLE,RB,2,NO,3,4.8,66.7,0,66.7,66.7,1.4,46.7
97,Jordan Wilkins,IND,RB,8,OAK,3,3.8,66.7,0,66.7,66.7,1.4,46.7
97,Roc Thomas,MIN,RB,8,NO,3,4.1,33.3,33.3,66.7,66.7,2.4,80
101,Aaron Jones,GB,RB,8,LAR,32,61.5,37.5,6.2,43.8,43.8,16.6,51.9
102,Christian McCaffrey,CAR,RB,9,TB,61,98.4,27.9,9.8,36.1,37.7,32.7,53.6
103,Kapri Bibbs,WAS,RB,9,ATL,21,30.4,14.3,4.8,19,19,10.5,50
104,Matt Breida,SF,RB,6,GB,27,47.4,51.9,0,51.9,51.9,12.1,44.8
105,Tarik Cohen,CHI,RB,8,NYJ,38,57.6,13.2,7.9,15.8,21.1,18,47.4
106,Phillip Lindsay,DEN,RB,7,ARI,35,59.3,40,2.9,42.9,42.9,16.6,47.4
107,Todd Gurley,LAR,RB,5,SEA,66,100,33.3,7.6,39.4,40.9,33.3,50.5
107,James White,NE,RB,3,DET,25,52.1,16,12,28,28,14.1,56.4
107,Spencer Ware,KC,RB,1,LAC,9,16.1,33.3,11.1,44.4,44.4,5,55.6
110,Ito Smith,ATL,RB,9,WAS,28,41.2,35.7,7.1,39.3,42.9,13.4,47.9
111,Corey Clement,PHI,RB,2,TB,33,41.8,18.2,18.2,33.3,36.4,19.5,59.1
112,Chris Carson,SEA,RB,8,DET,42,66.7,59.5,4.8,64.3,64.3,23.4,55.7
113,Kenyan Drake,MIA,RB,5,CIN,41,64.1,14.6,26.8,31.7,41.5,24.5,59.8
114,Phillip Lindsay,DEN,RB,8,KC,41,56.2,43.9,7.3,51.2,51.2,20.2,49.3
115,TJ Yeldon,JAX,RB,4,NYJ,48,62.3,37.5,6.2,43.8,43.8,24,50
116,Bilal Powell,NYJ,RB,2,MIA,34,52.3,14.7,17.6,29.4,32.4,19,55.9
117,Todd Gurley,LAR,RB,4,MIN,53,96.4,32.1,11.3,39.6,43.4,25.6,48.3
117,Kenyan Drake,MIA,RB,7,DET,36,64.3,16.7,22.2,27.8,38.9,18.7,51.9
117,Austin Ekeler,LAC,RB,2,BUF,24,42.1,45.8,12.5,58.3,58.3,12.8,53.3
120,Melvin Gordon,LAC,RB,9,SEA,45,88.2,35.6,8.9,37.8,44.4,22.3,49.6
120,Royce Freeman,DEN,RB,3,BAL,29,42.6,44.8,3.4,48.3,48.3,12.8,44.1
122,Wendell Smallwood,PHI,RB,8,JAX,31,50,25.8,9.7,32.3,35.5,14.6,47.1
123,Peyton Barber,TB,RB,6,ATL,41,62.1,31.7,9.8,41.5,41.5,20.6,50.2
123,Nick Chubb,CLE,RB,9,KC,37,49.3,59.5,2.7,62.2,62.2,16,43.2
123,Spencer Ware,KC,RB,7,CIN,22,31.4,36.4,13.6,50,50,11.9,54.1
126,Marshawn Lynch,OAK,RB,1,LAR,27,36.5,40.7,7.4,48.1,48.1,12.9,47.8
127,Matt Breida,SF,RB,3,KC,29,42.6,34.5,10.3,44.8,44.8,14.7,50.7
128,Saquon Barkley,NYG,RB,3,HOU,44,71,38.6,11.4,50,50,22.7,51.6
129,Melvin Gordon,LAC,RB,5,OAK,45,70.3,42.2,8.9,51.1,51.1,22,48.9
129,Mark Ingram,NO,RB,8,MIN,23,43.4,56.5,13,69.6,69.6,12.2,53
129,Chris Carson,SEA,RB,9,LAC,10,12.3,80,0,80,80,4,40
129,Corey Grant,JAX,RB,5,KC,2,2.4,50,0,50,50,0.8,40
129,Jonathan Stewart,NYG,RB,3,HOU,2,3.2,100,0,100,100,0.8,40
134,James White,NE,RB,9,GB,56,78.9,21.4,12.5,32.1,33.9,28.3,50.5
134,David Johnson,ARI,RB,5,SF,48,94.1,37.5,6.2,41.7,43.8,21.1,44
136,Frank Gore,MIA,RB,6,CHI,30,38.5,50,3.3,53.3,53.3,15.9,53
137,Phillip Lindsay,DEN,RB,2,OAK,28,42.4,50,3.6,53.6,53.6,15.1,53.9
138,Jay Ajayi,PHI,RB,2,TB,22,27.8,31.8,4.5,36.4,36.4,9.7,44.1
139,Todd Gurley,LAR,RB,8,GB,70,89.7,35.7,10,44.3,45.7,36.5,52.1
140,Dalvin Cook,MIN,RB,9,DET,28,57.1,35.7,14.3,50,50,14.9,53.2
140,Marcus Murphy,BUF,RB,7,IND,18,32.1,22.2,33.3,50,55.6,12,66.7
142,Marlon Mack,IND,RB,6,NYJ,24,34.8,50,8.3,54.2,58.3,10.3,42.9
142,CJ Anderson,CAR,RB,2,ATL,8,11.9,37.5,25,37.5,62.5,3.1,38.8
144,Tevin Coleman,ATL,RB,7,NYG,37,56.9,29.7,5.4,35.1,35.1,16.2,43.8
145,Alex Collins,BAL,RB,3,DEN,35,48.6,51.4,11.4,60,62.9,16.4,46.9
146,James Conner,PIT,RB,1,CLE,77,91.7,40.3,7.8,46.8,48.1,38.2,49.6
147,Raheem Mostert,SF,RB,6,GB,23,40.4,52.2,0,52.2,52.2,8.7,37.8
147,Austin Ekeler,LAC,RB,9,SEA,9,17.6,33.3,22.2,44.4,55.6,4.4,48.9
149,James Conner,PIT,RB,6,CIN,66,90.4,28.8,10.6,34.8,39.4,31.9,48.3
150,Latavius Murray,MIN,RB,6,ARI,58,81.7,41.4,3.4,43.1,44.8,25.8,44.5
151,Josh Adams,PHI,RB,3,IND,8,9.8,75,0,75,75,3,37.5
151,Kalen Ballage,MIA,RB,9,NYJ,4,7,25,50,75,75,3.5,87.5
153,Javorius Allen,BAL,RB,3,DEN,39,54.2,15.4,10.3,23.1,25.6,17.6,45.1
154,Joe Mixon,CIN,RB,5,MIA,47,78.3,46.8,8.5,53.2,55.3,20.5,43.6
154,Josh Adams,PHI,RB,8,JAX,18,29,50,5.6,55.6,55.6,7.7,42.8
156,Jordan Howard,CHI,RB,8,NYJ,38,57.6,57.9,2.6,57.9,60.5,14.1,37.1
156,Rex Burkhead,NE,RB,3,DET,7,14.6,0,42.9,28.6,42.9,4.6,65.7
156,LeGarrette Blount,DET,RB,8,SEA,7,11.9,42.9,14.3,57.1,57.1,3.6,51.4
159,Ty Montgomery,GB,RB,4,BUF,20,26.3,25,15,35,40,9.4,47
160,Chris Carson,SEA,RB,3,DAL,50,72.5,64,4,68,68,23.4,46.8
161,Chris Carson,SEA,RB,5,LAR,35,58.3,54.3,2.9,57.1,57.1,16.7,47.7
162,Kenyan Drake,MIA,RB,2,NYJ,36,60,30.6,11.1,41.7,41.7,17,47.2
163,Melvin Gordon,LAC,RB,3,LAR,40,76.9,37.5,10,42.5,47.5,16.4,41
163,Ito Smith,ATL,RB,4,CIN,30,42.9,23.3,10,33.3,33.3,13.8,46
163,Jordan Wilkins,IND,RB,7,BUF,15,22.7,40,6.7,46.7,46.7,6.4,42.7
163,Stevan Ridley,PIT,RB,3,TB,5,7.6,60,0,60,60,1.8,36
167,Nick Chubb,CLE,RB,6,LAC,7,9.5,42.9,0,42.9,42.9,2.5,35.7
168,Raheem Mostert,SF,RB,7,LAR,22,37.9,31.8,18.2,50,50,11.8,53.6
169,Lamar Miller,HOU,RB,7,JAX,45,70.3,48.9,6.7,51.1,55.6,19.9,44.2
169,David Johnson,ARI,RB,1,WAS,36,67.9,25,25,38.9,50,17.7,49.2
171,Todd Gurley,LAR,RB,1,OAK,59,93.7,33.9,8.5,39,42.4,26.7,45.3
172,Latavius Murray,MIN,RB,7,NYJ,58,84.1,25.9,3.4,29.3,29.3,22.3,38.4
172,Kareem Hunt,KC,RB,2,PIT,40,69,45,2.5,47.5,47.5,15,37.5
172,Ito Smith,ATL,RB,3,NO,10,14.7,20,40,50,60,6.5,65
175,Kareem Hunt,KC,RB,3,SF,47,61.8,38.3,2.1,38.3,40.4,16.4,34.9
176,Marshawn Lynch,OAK,RB,3,MIA,42,55.3,45.2,9.5,52.4,54.8,17.6,41.9
177,Dion Lewis,TEN,RB,1,MIA,49,71,32.7,16.3,42.9,49,22,44.9
178,Alvin Kamara,NO,RB,7,BAL,39,54.9,43.6,5.1,48.7,48.7,15.5,39.7
179,Dion Lewis,TEN,RB,7,LAC,45,63.4,28.9,13.3,42.2,42.2,21.5,47.8
180,Joe Mixon,CIN,RB,6,PIT,42,68.9,26.2,16.7,35.7,42.9,18.4,43.8
181,Saquon Barkley,NYG,RB,1,JAX,55,77.5,32.7,10.9,36.4,43.6,23.8,43.3
182,Tarik Cohen,CHI,RB,7,NE,42,51.2,14.3,31,33.3,45.2,22.3,53.1
183,Javorius Allen,BAL,RB,8,CAR,23,33.8,0,21.7,13,21.7,10.8,47
183,Frank Gore,MIA,RB,1,TEN,18,29,50,0,50,50,6.1,33.9
185,Peyton Barber,TB,RB,8,CIN,43,48.9,44.2,0,44.2,44.2,14.5,33.7
186,Kerryon Johnson,DET,RB,3,NE,33,44.6,48.5,9.1,54.5,57.6,16,48.5
187,TJ Yeldon,JAX,RB,1,NYG,39,61.9,35.9,17.9,43.6,53.8,15.9,40.8
187,Duke Johnson,CLE,RB,4,OAK,29,35.4,6.9,20.7,20.7,27.6,13.6,46.9
187,Doug Martin,OAK,RB,3,MIA,13,17.1,69.2,0,69.2,69.2,4.3,33.1
190,Phillip Lindsay,DEN,RB,6,LAR,20,30.3,20,35,50,55,12.6,63
191,James Conner,PIT,RB,9,BAL,68,84,35.3,13.2,45.6,48.5,32.3,47.5
192,James White,NE,RB,5,IND,42,60.9,4.8,33.3,28.6,38.1,23.7,56.4
193,Ty Montgomery,GB,RB,3,WAS,20,29,20,35,50,55,12.5,62.5
194,Adrian Peterson,WAS,RB,5,NO,13,21.3,30.8,23.1,46.2,53.8,6.2,47.7
194,Malcolm Brown,LAR,RB,3,LAC,13,16.9,38.5,7.7,38.5,46.2,4.2,32.3
196,James White,NE,RB,1,HOU,36,48,13.9,25,25,38.9,15.6,43.3
197,Kenjon Barner,NE,RB,6,KC,5,6.4,60,0,60,60,1.6,32
198,Alex Collins,BAL,RB,9,PIT,31,50.8,29,3.2,32.3,32.3,10.9,35.2
199,Trenton Cannon,NYJ,RB,7,MIN,23,32.4,8.7,21.7,26.1,30.4,11.3,49.1
200,Devontae Booker,DEN,RB,8,KC,32,43.8,28.1,12.5,40.6,40.6,14.1,44.1
201,Adrian Peterson,WAS,RB,7,DAL,34,56.7,70.6,5.9,73.5,76.5,11.7,34.4
201,Ty Montgomery,GB,RB,6,SF,26,36.6,15.4,11.5,23.1,26.9,10.2,39.2
201,Sony Michel,NE,RB,2,JAX,13,21.3,76.9,15.4,84.6,92.3,5.1,39.2
204,Marshawn Lynch,OAK,RB,4,CLE,50,54.3,40,10,46,50,21.7,43.4
205,Marshawn Lynch,OAK,RB,2,DEN,41,63.1,43.9,4.9,48.8,48.8,14.8,36.1
205,Alex Collins,BAL,RB,8,CAR,33,48.5,33.3,6.1,39.4,39.4,13.3,40.3
207,Nyheim Hines,IND,RB,4,HOU,62,68.9,6.5,17.7,21,24.2,28.3,45.6
207,Nick Chubb,CLE,RB,7,TB,45,66.2,40,4.4,40,44.4,14,31.1
207,Duke Johnson,CLE,RB,6,LAC,35,47.3,5.7,14.3,17.1,20,14.9,42.6
210,Dion Lewis,TEN,RB,9,DAL,59,84.3,32.2,6.8,39,39,22.2,37.6
211,Jordan Howard,CHI,RB,3,ARI,46,62.2,52.2,4.3,56.5,56.5,16.1,35
211,Javorius Allen,BAL,RB,1,BUF,30,37.5,13.3,20,30,33.3,14.2,47.3
213,Todd Gurley,LAR,RB,3,LAC,64,83.1,35.9,9.4,43.8,45.3,28.6,44.7
213,Carlos Hyde,CLE,RB,2,NO,36,58.1,44.4,2.8,47.2,47.2,12,33.3
213,Rashaad Penny,SEA,RB,4,ARI,16,24.2,56.2,0,56.2,56.2,4.9,30.6
216,Tevin Coleman,ATL,RB,2,CAR,41,65.1,39,9.8,48.8,48.8,19.5,47.6
216,Alex Armah,CAR,RB,1,DAL,20,29.9,5,0,5,5,6.1,30.5
218,Nyheim Hines,IND,RB,8,OAK,28,35.9,39.3,7.1,46.4,46.4,10.5,37.5
219,Ronald Jones II,TB,RB,7,CLE,29,30.5,20.7,3.4,24.1,24.1,9.8,33.8
220,Melvin Gordon,LAC,RB,1,KC,62,75.6,24.2,21,38.7,45.2,30.6,49.4
220,Ito Smith,ATL,RB,2,CAR,18,28.6,50,5.6,55.6,55.6,6.4,35.6
220,Gus Edwards,BAL,RB,6,TEN,14,18.7,71.4,0,71.4,71.4,4.2,30
220,Latavius Murray,MIN,RB,1,SF,14,19.7,78.6,0,78.6,78.6,4.2,30
220,Patrick DiMarco,BUF,FB,2,LAC,8,12.9,0,12.5,12.5,12.5,3.4,42.5
220,Anthony Sherman,KC,FB,5,JAX,5,7.1,0,20,20,20,2.5,50
220,Mike Gillislee,NO,RB,4,NYG,5,7.1,40,20,60,60,2.5,50
220,Shaun Wilson,TB,RB,3,PIT,3,4.1,0,66.7,66.7,66.7,2.9,96.7
220,Christine Michael,IND,RB,1,CIN,3,3.7,66.7,0,66.7,66.7,0.9,30
220,Shaun Wilson,TB,RB,2,PHI,3,5.2,33.3,0,33.3,33.3,0.9,30
220,Shaun Wilson,TB,RB,1,NO,2,3,50,0,50,50,0.6,30
220,Kalen Ballage,MIA,RB,4,NE,1,2,100,0,100,100,0.3,30
232,Kareem Hunt,KC,RB,8,DEN,49,84.5,32.7,12.2,42.9,44.9,19.6,40
233,Saquon Barkley,NYG,RB,4,NO,54,87.1,18.5,14.8,29.6,33.3,22,40.7
233,Kareem Hunt,KC,RB,5,JAX,52,74.3,42.3,3.8,44.2,46.2,16.4,31.5
235,Saquon Barkley,NYG,RB,7,ATL,59,92.2,23.7,16.9,39,40.7,26.4,44.7
235,Jalen Richard,OAK,RB,3,MIA,20,26.3,0,35,30,35,11.9,59.5
237,Ezekiel Elliott,DAL,RB,2,NYG,50,94.3,34,12,44,46,19.7,39.4
237,Chris Ivory,BUF,RB,7,IND,36,64.3,44.4,16.7,52.8,61.1,13.6,37.8
239,Kerryon Johnson,DET,RB,5,GB,29,46.8,41.4,6.9,48.3,48.3,10.5,36.2
240,Tevin Coleman,ATL,RB,1,PHI,36,51.4,25,5.6,27.8,30.6,11.5,31.9
240,CJ Anderson,CAR,RB,1,DAL,12,17.9,58.3,0,58.3,58.3,3.5,29.2
242,Jalen Richard,OAK,RB,8,IND,22,44,9.1,36.4,45.5,45.5,14.4,65.5
243,Christian McCaffrey,CAR,RB,3,CIN,67,100,41.8,3,44.8,44.8,24.4,36.4
244,Malcolm Brown,LAR,RB,2,ARI,23,31.9,52.2,4.3,52.2,56.5,6.6,28.7
245,Austin Ekeler,LAC,RB,6,CLE,21,35,33.3,0,33.3,33.3,6,28.6
246,Alvin Kamara,NO,RB,3,ATL,67,84.8,23.9,29.9,46.3,53.7,37,55.2
246,Carlos Hyde,CLE,RB,4,OAK,50,61,44,2,44,46,14.2,28.4
246,Malcolm Brown,LAR,RB,7,SF,25,41,52,4,56,56,8.1,32.4
249,Austin Ekeler,LAC,RB,3,LAR,18,34.6,22.2,16.7,38.9,38.9,9.1,50.6
250,Chase Edmonds,ARI,RB,1,WAS,17,32.1,23.5,23.5,47.1,47.1,8.8,51.8
251,Ezekiel Elliott,DAL,RB,6,JAX,63,86.3,38.1,1.6,39.7,39.7,21.7,34.4
251,David Johnson,ARI,RB,3,CHI,43,86,27.9,9.3,37.2,37.2,16.1,37.4
253,Justin Jackson,LAC,RB,7,TEN,5,11.4,40,20,60,60,2.4,48
254,James White,NE,RB,6,KC,33,42.3,18.2,21.2,33.3,39.4,14.2,43
254,Phillip Lindsay,DEN,RB,5,NYJ,29,37.7,41.4,13.8,51.7,55.2,11.1,38.3
256,David Johnson,ARI,RB,4,SEA,55,91.7,40,7.3,45.5,47.3,19.2,34.9
256,CJ Ham,MIN,RB,3,BUF,17,25.8,0,35.3,29.4,35.3,9.7,57.1
256,Aaron Jones,GB,RB,3,WAS,17,24.6,35.3,5.9,41.2,41.2,5.7,33.5
259,Christian McCaffrey,CAR,RB,8,BAL,64,98.5,21.9,9.4,28.1,31.2,21.6,33.8
259,Carlos Hyde,CLE,RB,5,BAL,28,35,60.7,10.7,67.9,71.4,9.7,34.6
261,Bilal Powell,NYJ,RB,1,DET,24,40,50,8.3,54.2,58.3,7.5,31.2
261,Nyheim Hines,IND,RB,2,WAS,24,39.3,16.7,4.2,20.8,20.8,7.5,31.2
263,Deandre Washington,OAK,RB,9,SF,10,17.5,50,0,50,50,2.7,27
264,Aaron Jones,GB,RB,5,DET,22,27.2,31.8,13.6,40.9,45.5,7.9,35.9
264,Devontae Booker,DEN,RB,5,NYJ,22,28.6,0,27.3,22.7,27.3,10.9,49.5
266,Jordan Wilkins,IND,RB,2,WAS,24,39.3,41.7,8.3,50,50,8.4,35
266,Derrick Henry,TEN,RB,5,BUF,21,38.9,52.4,4.8,52.4,57.1,5.6,26.7
266,Raheem Mostert,SF,RB,3,KC,3,4.4,33.3,33.3,66.7,66.7,1.8,60
269,Carlos Hyde,CLE,RB,1,PIT,47,52.8,46.8,4.3,48.9,51.1,13.5,28.7
269,Tevin Coleman,ATL,RB,6,TB,38,56.7,26.3,5.3,28.9,31.6,11.1,29.2
271,Doug Martin,OAK,RB,9,SF,26,45.6,42.3,7.7,46.2,50,7.9,30.4
272,Adrian Peterson,WAS,RB,6,CAR,37,52.9,45.9,2.7,45.9,48.6,9.7,26.2
272,Leonard Fournette,JAX,RB,1,NYG,21,33.3,42.9,14.3,57.1,57.1,8.5,40.5
274,Ito Smith,ATL,RB,6,TB,31,46.3,35.5,6.5,41.9,41.9,10.1,32.6
274,Isaiah Crowell,NYJ,RB,9,MIA,23,34.8,56.5,8.7,60.9,65.2,7,30.4
276,Wayne Gallman,NYG,RB,2,DAL,5,7.4,20,20,40,40,2.3,46
277,Alfred Morris,SF,RB,2,DET,31,48.4,45.2,6.5,51.6,51.6,10,32.3
277,Jeremy Hill,NE,RB,1,HOU,12,16,33.3,8.3,41.7,41.7,4.1,34.2
279,Todd Gurley,LAR,RB,9,NO,54,90,24.1,13,35.2,37,19.9,36.9
280,Giovani Bernard,CIN,RB,3,CAR,57,87.7,21.1,15.8,29.8,36.8,19.6,34.4
281,Alfred Morris,SF,RB,8,ARI,11,16.7,54.5,0,54.5,54.5,2.8,25.5
282,Latavius Murray,MIN,RB,8,NO,61,83.6,21.3,9.8,29.5,31.1,20.5,33.6
283,James White,NE,RB,8,BUF,61,80.3,13.1,21.3,29.5,34.4,25.4,41.6
284,LeGarrette Blount,DET,RB,3,NE,26,35.1,61.5,7.7,69.2,69.2,8.5,32.7
284,Sony Michel,NE,RB,7,CHI,6,9.4,66.7,16.7,83.3,83.3,3.5,58.3
284,Mike Gillislee,NO,RB,3,ATL,4,5.1,75,0,75,75,1,25
284,Anthony Sherman,KC,FB,8,DEN,4,6.9,0,25,25,25,2,50
288,Javorius Allen,BAL,RB,2,CIN,42,49.4,14.3,16.7,26.2,31,15.4,36.7
289,Ezekiel Elliott,DAL,RB,1,CAR,59,92.2,25.4,6.8,30.5,32.2,17.6,29.8
289,James White,NE,RB,2,JAX,34,55.7,11.8,23.5,32.4,35.3,15.4,45.3
289,Wayne Gallman,NYG,RB,6,PHI,17,26.2,23.5,29.4,35.3,52.9,6.2,36.5
289,Nyheim Hines,IND,RB,7,BUF,17,25.8,29.4,11.8,35.3,41.2,5.2,30.6
293,Doug Martin,OAK,RB,8,IND,28,56,46.4,7.1,53.6,53.6,9.9,35.4
293,Devontae Booker,DEN,RB,9,HOU,26,39.4,11.5,15.4,19.2,26.9,9.4,36.2
295,Royce Freeman,DEN,RB,1,SEA,29,39.2,51.7,0,51.7,51.7,7.1,24.5
296,Alex Collins,BAL,RB,5,CLE,27,31,44.4,14.8,48.1,59.3,7.6,28.1
297,TJ Yeldon,JAX,RB,8,PHI,37,57.8,5.4,24.3,24.3,29.7,16,43.2
297,Corey Grant,JAX,RB,4,NYJ,7,9.1,14.3,42.9,42.9,57.1,3.7,52.9
297,Jaylen Samuels,PIT,FB,8,CLE,7,9.9,57.1,0,57.1,57.1,1.7,24.3
300,Nick Chubb,CLE,RB,8,PIT,31,48.4,58.1,9.7,64.5,67.7,9.5,30.6
300,Frank Gore,MIA,RB,5,CIN,26,40.6,46.2,0,46.2,46.2,6.3,24.2
302,Derrick Coleman,ARI,FB,3,CHI,5,10,0,20,20,20,2.2,44
303,Chris Ivory,BUF,RB,5,TEN,18,27.7,77.8,0,77.8,77.8,4.3,23.9
304,Gus Edwards,BAL,RB,8,CAR,8,11.8,25,12.5,37.5,37.5,2.9,36.2
305,TJ Yeldon,JAX,RB,3,TEN,38,66.7,18.4,18.4,34.2,36.8,15,39.5
305,Chris Ivory,BUF,RB,8,NE,19,29.7,31.6,10.5,36.8,42.1,5.5,28.9
307,TJ Yeldon,JAX,RB,5,KC,77,92.8,13,13,23.4,26,26.2,34
307,Chris Carson,SEA,RB,1,DEN,25,43.9,28,20,40,48,9.9,39.6
309,Jordan Howard,CHI,RB,7,NE,46,56.1,26.1,2.2,28.3,28.3,11.8,25.7
310,Chris Ivory,BUF,RB,3,MIN,54,80.6,37,7.4,42.6,44.4,15.6,28.9
310,Alvin Kamara,NO,RB,2,CLE,51,77.3,25.5,11.8,37.3,37.3,17.9,35.1
310,Stevan Ridley,PIT,RB,2,KC,3,3.7,33.3,33.3,66.7,66.7,1.7,56.7
313,Bilal Powell,NYJ,RB,5,DEN,34,54.8,58.8,0,58.8,58.8,8.9,26.2
314,Kerryon Johnson,DET,RB,1,NYJ,16,22.9,31.2,18.8,50,50,6.7,41.9
315,LeSean McCoy,BUF,RB,5,TEN,47,72.3,51.1,6.4,55.3,57.4,12.8,27.2
315,Alex Collins,BAL,RB,4,PIT,37,48.1,29.7,2.7,32.4,32.4,10.5,28.4
315,Corey Grant,JAX,RB,2,NE,30,42.3,13.3,23.3,33.3,36.7,12.9,43
318,TJ Yeldon,JAX,RB,7,HOU,56,82.4,21.4,12.5,30.4,33.9,17.8,31.8
318,Damien Williams,KC,RB,3,SF,7,9.2,0,28.6,28.6,28.6,3.6,51.4
320,Derrick Henry,TEN,RB,2,HOU,26,44.1,69.2,0,73.1,73.1,5.92,22.8
321,Tarik Cohen,CHI,RB,3,ARI,30,40.5,16.7,10,26.7,26.7,9.8,32.7
321,LeSean McCoy,BUF,RB,2,LAC,30,48.4,30,13.3,43.3,43.3,10.8,36
323,TJ Yeldon,JAX,RB,6,DAL,31,64.6,25.8,16.1,35.5,41.9,10,32.3
324,Joe Mixon,CIN,RB,2,BAL,39,51.3,53.8,2.6,56.4,56.4,9.7,24.9
324,Jalen Richard,OAK,RB,9,SF,22,38.6,9.1,18.2,27.3,27.3,8.9,40.5
326,Christian McCaffrey,CAR,RB,5,NYG,69,97.2,24.6,8.7,31.9,33.3,20.3,29.4
327,Christian McCaffrey,CAR,RB,2,ATL,63,94,12.7,23.8,34.9,36.5,30.9,49
327,Phillip Lindsay,DEN,RB,9,HOU,38,57.6,44.7,7.9,50,52.6,10.4,27.4
329,Chris Carson,SEA,RB,6,OAK,27,42.2,51.9,0,51.9,51.9,5.9,21.9
329,Alex Collins,BAL,RB,1,BUF,27,33.8,25.9,3.7,29.6,29.6,7.9,29.3
329,Jalen Richard,OAK,RB,5,LAC,26,50,3.8,23.1,26.9,26.9,11.7,45
332,Jamaal Williams,GB,RB,5,DET,33,40.7,18.2,12.1,24.2,30.3,9.2,27.9
333,Derrick Henry,TEN,RB,6,BAL,12,27.3,58.3,8.3,66.7,66.7,3.6,30
334,Aaron Jones,GB,RB,6,SF,19,26.8,42.1,5.3,42.1,47.4,4.1,21.6
335,Ezekiel Elliott,DAL,RB,9,TEN,52,88.1,32.7,9.6,40.4,42.3,15.2,29.2
335,Bilal Powell,NYJ,RB,3,CLE,34,54,41.2,2.9,41.2,44.1,7.3,21.5
335,Kyle Juszczyk,SF,FB,1,MIN,26,39.4,0,7.7,3.8,7.7,6.6,25.4
338,Jordan Howard,CHI,RB,1,GB,50,71.4,30,10,40,40,15.7,31.4
338,Alex Collins,BAL,RB,2,CIN,42,49.4,21.4,9.5,28.6,31,12,28.6
338,Jalen Richard,OAK,RB,1,LAR,37,50,13.5,29.7,37.8,43.2,16.9,45.7
338,Trenton Cannon,NYJ,RB,9,MIA,7,10.6,0,14.3,14.3,14.3,2.5,35.7
342,Sony Michel,NE,RB,3,DET,23,47.9,60.9,13,65.2,73.9,5.9,25.7
343,Jalen Richard,OAK,RB,6,SEA,24,40,8.3,33.3,37.5,41.7,12.1,50.4
343,Kenjon Barner,NE,RB,7,CHI,17,26.6,58.8,0,58.8,58.8,3.6,21.2
343,Alfred Blue,HOU,RB,2,TEN,17,25.4,41.2,0,41.2,41.2,3.6,21.2
343,Marcus Murphy,BUF,RB,3,MIN,16,23.9,50,6.2,56.2,56.2,4.4,27.5
343,Josh Adams,PHI,RB,7,CAR,8,11.9,50,0,50,50,1.7,21.2
348,LeSean McCoy,BUF,RB,8,NE,46,71.9,26.1,17.4,39.1,43.5,15.5,33.7
348,Alfred Morris,SF,RB,5,ARI,44,44.9,40.9,11.4,47.7,52.3,12.1,27.5
350,LeGarrette Blount,DET,RB,2,SF,17,22.1,47.1,5.9,52.9,52.9,4.5,26.5
351,Ezekiel Elliott,DAL,RB,3,SEA,58,95.1,27.6,13.8,32.8,41.4,18.8,32.4
351,Frank Gore,MIA,RB,9,NYJ,29,50.9,69,3.4,72.4,72.4,6.9,23.8
353,Tevin Coleman,ATL,RB,3,NO,53,77.9,28.3,5.7,32.1,34,12.7,24
354,LeSean McCoy,BUF,RB,6,HOU,47,75.8,34,10.6,40.4,44.7,12.4,26.4
354,Frank Gore,MIA,RB,8,HOU,29,43.9,41.4,6.9,44.8,48.3,6.8,23.4
354,Adrian Peterson,WAS,RB,2,IND,25,33.8,44,12,56,56,8,32
354,Jacquizz Rodgers,TB,RB,2,PHI,18,31,27.8,16.7,44.4,44.4,6.6,36.7
354,Marlon Mack,IND,RB,2,WAS,18,29.5,55.6,11.1,61.1,66.7,4.6,25.6
354,Corey Clement,PHI,RB,1,ATL,13,18.1,38.5,0,38.5,38.5,2.6,20
354,Rashaad Penny,SEA,RB,9,LAC,12,14.8,33.3,25,58.3,58.3,5.4,45
354,Chase Edmonds,ARI,RB,2,LAR,10,22.2,10,50,60,60,7,70
354,Mike Gillislee,NO,RB,2,CLE,9,13.6,88.9,0,88.9,88.9,1.8,20
354,Brandon Wilds,JAX,RB,5,KC,3,3.6,66.7,0,66.7,66.7,0.6,20
354,Jeremy McNichols,IND,RB,4,HOU,2,2.2,100,0,100,100,0.4,20
354,Alex Armah,CAR,RB,2,ATL,2,3,50,0,50,50,0.4,20
354,Deandre Washington,OAK,RB,8,IND,2,4,50,0,50,50,0.4,20
367,James Conner,PIT,RB,2,KC,73,89,11,6.8,17.8,17.8,19.5,26.7
368,David Johnson,ARI,RB,6,MIN,55,94.8,32.7,9.1,36.4,41.8,13.9,25.3
368,Jay Ajayi,PHI,RB,4,TEN,41,52.6,36.6,9.8,43.9,46.3,11.1,27.1
370,Marshawn Lynch,OAK,RB,6,SEA,30,50,43.3,16.7,53.3,60,8.9,29.7
371,Marshawn Lynch,OAK,RB,5,LAC,21,40.4,42.9,9.5,52.4,52.4,6.1,29
372,Tevin Coleman,ATL,RB,4,CIN,40,57.1,35,7.5,42.5,42.5,10.7,26.8
373,Lamar Miller,HOU,RB,1,NE,57,77,35.1,3.5,36.8,38.6,11.9,20.9
374,Kerryon Johnson,DET,RB,8,SEA,48,81.4,16.7,16.7,29.2,33.3,15.1,31.5
375,David Johnson,ARI,RB,8,SF,53,80.3,30.2,7.5,37.7,37.7,14,26.4
376,Andy Janovich,DEN,FB,4,KC,17,28.3,0,5.9,5.9,5.9,4.2,24.7
377,Matt Breida,SF,RB,4,LAC,38,63.3,23.7,7.9,31.6,31.6,10.1,26.6
377,Samaje Perine,WAS,RB,9,ATL,15,21.7,13.3,20,26.7,33.3,4.8,32
379,Saquon Barkley,NYG,RB,2,DAL,58,85.3,19,27.6,43.1,46.6,24.8,42.8
379,Chris Thompson,WAS,RB,2,IND,50,67.6,8,28,34,36,22.3,44.6
379,Rex Burkhead,NE,RB,1,HOU,37,49.3,48.6,8.1,51.4,56.8,7.9,21.4
379,Elijah McGuire,NYJ,RB,9,MIA,36,54.5,19.4,13.9,27.8,33.3,9.7,26.9
379,Ameer Abdullah,DET,RB,7,MIA,7,10.9,14.3,14.3,28.6,28.6,2.3,32.9
384,Kyle Juszczyk,SF,FB,3,KC,53,77.9,0,7.5,3.8,7.5,11.8,22.3
385,Bilal Powell,NYJ,RB,6,IND,32,45.1,50,3.1,50,53.1,5.9,18.4
386,Kerryon Johnson,DET,RB,2,SF,36,46.8,22.2,16.7,36.1,38.9,11.6,32.2
386,Chris Ivory,BUF,RB,9,CHI,30,33,23.3,13.3,33.3,36.7,8.5,28.3
386,Frank Gore,MIA,RB,2,NYJ,24,40,37.5,4.2,41.7,41.7,5.4,22.5
386,Doug Martin,OAK,RB,4,CLE,6,6.5,83.3,0,83.3,83.3,1.1,18.3
390,Phillip Lindsay,DEN,RB,3,BAL,11,16.2,36.4,18.2,36.4,54.5,2,18.2
391,Mike Davis,SEA,RB,9,LAC,59,72.8,25.4,13.6,37.3,39,17.7,30
392,Dalvin Cook,MIN,RB,2,GB,50,68.5,20,10,26,30,12,24
393,Isaiah Crowell,NYJ,RB,6,IND,29,40.8,44.8,6.9,51.7,51.7,7.2,24.8
393,Bilal Powell,NYJ,RB,7,MIN,14,19.7,35.7,7.1,42.9,42.9,3.5,25
395,Derrick Henry,TEN,RB,3,JAX,32,51.6,56.2,3.1,56.2,59.4,5.7,17.8
395,Anthony Sherman,KC,FB,3,SF,9,11.8,0,11.1,11.1,11.1,2.6,28.9
397,Alfred Blue,HOU,RB,9,DEN,22,35.5,68.2,0,68.2,68.2,3.9,17.7
398,Lamar Miller,HOU,RB,3,NYG,52,76.5,19.2,11.5,28.8,30.8,15.1,29
398,Mike Davis,SEA,RB,8,DET,20,31.7,50,5,55,55,4.5,22.5
398,Trenton Cannon,NYJ,RB,1,DET,12,20,50,8.3,58.3,58.3,3.1,25.8
398,Shaun Wilson,TB,RB,9,CAR,4,6,50,0,50,50,0.7,17.5
402,Jamaal Williams,GB,RB,9,NE,31,41.9,22.6,6.5,29,29,7.4,23.9
402,Matt Breida,SF,RB,9,OAK,27,49.1,44.4,3.7,48.1,48.1,5.7,21.1
404,Lamar Miller,HOU,RB,6,BUF,41,67.2,36.6,7.3,41.5,43.9,9.1,22.2
404,TJ Yeldon,JAX,RB,2,NE,41,57.7,24.4,12.2,29.3,36.6,9.1,22.2
406,Alfred Blue,HOU,RB,6,BUF,25,41,28,12,36,40,6.3,25.2
406,Rashaad Penny,SEA,RB,1,DEN,25,43.9,28,20,44,48,8.3,33.2
408,Alex Collins,BAL,RB,7,NO,28,41.2,39.3,14.3,50,53.6,7.8,27.9
408,Theo Riddick,DET,RB,3,NE,21,28.4,0,14.3,14.3,14.3,6.6,31.4
408,Justin Jackson,LAC,RB,6,CLE,7,11.7,42.9,14.3,57.1,57.1,2.2,31.4
408,Tyler Ervin,HOU,RB,1,NE,7,9.5,0,14.3,14.3,14.3,2.2,31.4
412,James Conner,PIT,RB,3,TB,56,84.8,26.8,10.7,35.7,37.5,14.5,25.9
412,Matt Breida,SF,RB,1,MIN,30,45.5,36.7,6.7,40,43.3,6.1,20.3
412,Doug Martin,OAK,RB,1,LAR,10,13.5,40,20,60,60,3.7,37
412,Mark Walton,CIN,RB,8,TB,10,15.4,20,10,30,30,2.7,27
416,Devontae Booker,DEN,RB,3,BAL,26,38.2,19.2,26.9,38.5,46.2,9.4,36.2
416,Rod Smith,DAL,RB,4,DET,13,18.8,46.2,7.7,53.8,53.8,3.2,24.6
418,Ezekiel Elliott,DAL,RB,5,HOU,50,80.6,40,14,54,54,15.4,30.8
418,Theo Riddick,DET,RB,2,SF,28,36.4,0,42.9,32.1,42.9,13.7,48.9
420,Corey Clement,PHI,RB,3,IND,45,54.9,35.6,8.9,42.2,44.4,10.5,23.3
420,Spencer Ware,KC,RB,3,SF,18,23.7,5.6,16.7,16.7,22.2,5,27.8
420,CJ Anderson,CAR,RB,8,BAL,12,18.5,41.7,0,41.7,41.7,2,16.7
423,Saquon Barkley,NYG,RB,8,WAS,68,97.1,19.1,14.7,32.4,33.8,20.1,29.6
424,Austin Ekeler,LAC,RB,7,TEN,42,95.5,28.6,16.7,40.5,45.2,11.8,28.1
424,Chase Edmonds,ARI,RB,8,SF,13,19.7,15.4,15.4,23.1,30.8,3.1,23.8
424,Spencer Ware,KC,RB,5,JAX,8,11.4,12.5,12.5,25,25,2.3,28.8
427,Nyheim Hines,IND,RB,5,NE,56,67.5,26.8,16.1,39.3,42.9,16,28.6
427,Ito Smith,ATL,RB,7,NYG,28,43.1,25,7.1,32.1,32.1,6.5,23.2
429,Dontrell Hilliard,CLE,RB,8,PIT,15,23.4,0,6.7,6.7,6.7,3.4,22.7
429,Benjamin Cunningham,CHI,RB,6,MIA,5,7.1,60,0,60,60,0.8,16
431,Ronald Jones II,TB,RB,6,ATL,12,18.2,8.3,25,33.3,33.3,4.9,40.8
432,Royce Freeman,DEN,RB,5,NYJ,30,39,16.7,13.3,26.7,30,7.7,25.7
432,Mike Boone,MIN,RB,8,NO,7,9.6,42.9,0,42.9,42.9,1.1,15.7
434,Jordan Wilkins,IND,RB,5,NE,18,21.7,33.3,11.1,44.4,44.4,5.8,32.2
434,Wayne Gallman,NYG,RB,3,HOU,16,25.8,37.5,6.2,37.5,43.8,2.5,15.6
436,Chris Thompson,WAS,RB,5,NO,40,65.6,20,20,35,40,12.2,30.5
436,Derrick Henry,TEN,RB,1,MIA,20,29,50,5,55,55,4.1,20.5
438,Ty Montgomery,GB,RB,2,MIN,26,33.8,19.2,7.7,23.1,26.9,5,19.2
439,Isaiah Crowell,NYJ,RB,7,MIN,33,46.5,33.3,9.1,36.4,42.4,6,18.2
439,Isaiah Crowell,NYJ,RB,8,CHI,25,46.3,52,4,56,56,4.8,19.2
441,Alfred Blue,HOU,RB,5,DAL,79,98.8,25.3,10.1,35.4,35.4,19.9,25.2
441,Jamaal Williams,GB,RB,2,MIN,47,61,34,8.5,40.4,42.6,10.1,21.5
441,Aaron Jones,GB,RB,9,NE,43,58.1,32.6,9.3,37.2,41.9,9.5,22.1
444,Wendell Smallwood,PHI,RB,4,TEN,36,46.2,13.9,13.9,22.2,27.8,8.4,23.3
444,Jamaal Williams,GB,RB,3,WAS,30,43.5,16.7,10,23.3,26.7,6.5,21.7
444,Rashaad Penny,SEA,RB,2,CHI,20,30.3,50,10,50,60,3,15
444,Malcolm Brown,LAR,RB,6,DEN,16,21.6,31.2,0,31.2,31.2,2.4,15
444,Raheem Mostert,SF,RB,8,ARI,12,18.2,16.7,8.3,16.7,25,1.8,15
444,Benjamin Cunningham,CHI,RB,3,ARI,6,8.1,0,33.3,16.7,33.3,1.9,31.7
450,Bilal Powell,NYJ,RB,4,JAX,35,63.6,22.9,20,34.3,42.9,9.2,26.3
451,Rex Burkhead,NE,RB,2,JAX,15,24.6,40,0,40,40,2.2,14.7
452,David Johnson,ARI,RB,7,DEN,48,72.7,29.2,6.2,35.4,35.4,10,20.8
452,David Johnson,ARI,RB,2,LAR,35,77.8,37.1,5.7,40,42.9,6.1,17.4
452,Devonta Freeman,ATL,RB,5,PIT,28,38.9,28.6,7.1,35.7,35.7,6.1,21.8
452,Tarik Cohen,CHI,RB,1,GB,28,40,17.9,14.3,28.6,32.1,7.1,25.4
452,Leonard Fournette,JAX,RB,4,NYJ,24,31.2,45.8,4.2,50,50,4.5,18.8
457,Alfred Blue,HOU,RB,8,MIA,29,47.5,51.7,0,51.7,51.7,4.2,14.5
458,Peyton Barber,TB,RB,1,NO,48,72.7,39.6,0,39.6,39.6,6.9,14.4
458,Jamaal Williams,GB,RB,6,SF,27,38,22.2,11.1,25.9,33.3,4.9,18.1
460,Kenyan Drake,MIA,RB,1,TEN,46,74.2,30.4,8.7,37,39.1,9.6,20.9
461,Jordan Howard,CHI,RB,2,SEA,48,72.7,29.2,8.3,35.4,37.5,9.8,20.4
462,Nyheim Hines,IND,RB,1,CIN,37,45.1,13.5,24.3,32.4,37.8,12.2,33
462,Doug Martin,OAK,RB,2,DEN,17,26.2,41.2,5.9,47.1,47.1,3.4,20
464,Ronald Jones II,TB,RB,4,CHI,20,31.7,50,10,55,60,3.8,19
464,De'Lance Turner,BAL,RB,5,CLE,5,5.7,0,20,20,20,1.7,34
466,Dion Lewis,TEN,RB,4,PHI,48,67.6,8.3,18.8,27.1,27.1,15.6,32.5
466,Javorius Allen,BAL,RB,4,PIT,34,44.2,29.4,5.9,35.3,35.3,6.7,19.7
468,Lamar Miller,HOU,RB,2,TEN,51,76.1,27.5,3.9,31.4,31.4,9,17.6
469,Christian McCaffrey,CAR,RB,7,PHI,59,100,11.9,10.2,22,22,14,23.7
469,Jordan Howard,CHI,RB,6,MIA,36,51.4,38.9,2.8,38.9,41.7,5.9,16.4
471,Matt Breida,SF,RB,8,ARI,31,47,51.6,0,51.6,51.6,4.2,13.5
471,Marcus Murphy,BUF,RB,1,BAL,23,35.9,26.1,8.7,26.1,34.8,3.1,13.5
473,Jordan Wilkins,IND,RB,1,CIN,46,56.1,30.4,6.5,37,37,9.1,19.8
473,Dion Lewis,TEN,RB,3,JAX,30,48.4,30,10,40,40,7,23.3
473,Keith Smith,OAK,FB,2,DEN,9,13.8,0,33.3,22.2,33.3,3.2,35.6
473,Wayne Gallman,NYG,RB,1,JAX,6,8.5,16.7,33.3,50,50,2.8,46.7
473,Jamaal Charles,JAX,RB,7,HOU,3,4.4,33.3,33.3,66.7,66.7,1.4,46.7
473,Kenjon Barner,NE,RB,9,GB,3,4.2,33.3,0,33.3,33.3,0.4,13.3
479,Dalvin Cook,MIN,RB,1,SF,57,80.3,28.1,12.3,38.6,40.4,14.5,25.4
479,Christian McCaffrey,CAR,RB,1,DAL,57,85.1,17.5,15.8,28.1,33.3,14.5,25.4
479,Mark Walton,CIN,RB,4,ATL,28,38.4,17.9,14.3,25,32.1,5.7,20.4
479,Frank Gore,MIA,RB,7,DET,25,44.6,40,4,44,44,4.3,17.2
479,Devontae Booker,DEN,RB,6,LAR,22,33.3,9.1,13.6,18.2,22.7,4.9,22.3
484,Ty Montgomery,GB,RB,5,DET,29,35.8,13.8,10.3,17.2,24.1,4.8,16.6
485,Dion Lewis,TEN,RB,2,HOU,33,55.9,42.4,3,45.5,45.5,5.3,16.1
485,Alfred Morris,SF,RB,9,OAK,10,18.2,70,0,70,70,1.3,13
487,Alfred Morris,SF,RB,4,LAC,14,23.3,28.6,21.4,35.7,50,2.8,20
488,Kyle Juszczyk,SF,FB,5,ARI,68,69.4,1.5,10.3,10.3,11.8,14.7,21.6
488,James Conner,PIT,RB,4,BAL,50,79.4,18,14,24,32,9.4,18.8
488,Devonta Freeman,ATL,RB,1,PHI,39,55.7,15.4,12.8,23.1,28.2,8,20.5
491,Jamaal Williams,GB,RB,1,CHI,37,61.7,40.5,5.4,40.5,45.9,4.7,12.7
492,Alvin Kamara,NO,RB,5,WAS,31,47,19.4,12.9,29,32.3,6.9,22.3
492,Isaiah Crowell,NYJ,RB,2,MIA,31,47.7,38.7,9.7,45.2,48.4,5.9,19
492,Chris Carson,SEA,RB,2,CHI,19,28.8,31.6,5.3,31.6,36.8,2.4,12.6
495,Kenyan Drake,MIA,RB,9,NYJ,28,49.1,10.7,21.4,25,32.1,7.5,26.8
495,Alfred Morris,SF,RB,7,LAR,20,34.5,45,5,45,50,2.5,12.5
495,Chase Edmonds,ARI,RB,3,CHI,8,16,62.5,0,62.5,62.5,1,12.5
495,Derrick Coleman,ARI,FB,4,SEA,4,6.7,0,25,25,25,1.5,37.5
495,Rod Smith,DAL,RB,1,CAR,4,6.2,25,25,25,50,0.5,12.5
500,Latavius Murray,MIN,RB,5,PHI,46,74.2,23.9,4.3,28.3,28.3,7.6,16.5
500,Kareem Hunt,KC,RB,1,LAC,40,71.4,40,2.5,40,42.5,4.9,12.2
500,Ty Montgomery,GB,RB,1,CHI,23,38.3,8.7,13,17.4,21.7,4.8,20.9
500,CJ Prosise,SEA,RB,2,CHI,18,27.3,0,16.7,16.7,16.7,5.2,28.9
504,Theo Riddick,DET,RB,5,GB,19,30.6,15.8,15.8,26.3,31.6,4.3,22.6
505,Lamar Miller,HOU,RB,9,DEN,40,64.5,30,5,35,35,6.8,17
505,Mark Ingram,NO,RB,7,BAL,35,49.3,34.3,5.7,40,40,6.2,17.7
505,Nick Chubb,CLE,RB,3,NYJ,5,6.5,40,0,40,40,0.6,12
508,Tarik Cohen,CHI,RB,2,SEA,21,31.8,19,4.8,23.8,23.8,3.5,16.7
509,Kenyan Drake,MIA,RB,6,CHI,49,62.8,26.5,12.2,34.7,38.8,10.8,22
509,Jordan Wilkins,IND,RB,3,PHI,17,28.8,35.3,11.8,47.1,47.1,4,23.5
511,Nyheim Hines,IND,RB,6,NYJ,30,43.5,10,10,16.7,20,5.5,18.3
511,Tre Madden,SEA,RB,1,DEN,6,10.5,0,16.7,16.7,16.7,1.7,28.3
513,Javorius Allen,BAL,RB,5,CLE,50,57.5,16,16,28,32,12.8,25.6
513,Wendell Smallwood,PHI,RB,6,NYG,44,62,40.9,4.5,43.2,45.5,6.1,13.9
515,Peyton Barber,TB,RB,9,CAR,35,52.2,31.4,8.6,37.1,40,6,17.1
515,Duke Johnson,CLE,RB,3,NYJ,29,37.7,6.9,6.9,13.8,13.8,5.3,18.3
515,Doug Martin,OAK,RB,6,SEA,7,11.7,0,14.3,14.3,14.3,1.8,25.7
515,Rod Smith,DAL,RB,9,TEN,7,11.9,0,28.6,14.3,28.6,1.8,25.7
519,Joe Mixon,CIN,RB,7,KC,45,76.3,28.9,11.1,35.6,40,8.1,18
519,Kerryon Johnson,DET,RB,9,MIN,39,55.7,30.8,12.8,38.5,43.6,7.4,19
519,Mike Davis,SEA,RB,6,OAK,23,35.9,26.1,13,30.4,39.1,3.6,15.7
522,CJ Anderson,CAR,RB,5,NYG,8,11.3,50,0,50,50,0.9,11.2
523,Derrick Henry,TEN,RB,4,PHI,28,39.4,28.6,7.1,35.7,35.7,5.1,18.2
523,Tevin Coleman,ATL,RB,5,PIT,27,37.5,25.9,7.4,33.3,33.3,5,18.5
523,Dalvin Cook,MIN,RB,4,LAR,18,24.3,55.6,0,55.6,55.6,2,11.1
526,Christian McCaffrey,CAR,RB,6,WAS,60,100,13.3,13.3,25,26.7,13.6,22.7
526,Darren Sproles,PHI,RB,1,ATL,29,40.3,17.2,24.1,31,41.4,7.2,24.8
526,Kenjon Barner,NE,RB,4,MIA,10,12.3,30,0,30,30,1.1,11
529,Giovani Bernard,CIN,RB,2,BAL,39,51.3,15.4,17.9,25.6,33.3,8.2,21
529,Theo Riddick,DET,RB,4,DAL,25,46.3,4,20,20,24,6.7,26.8
531,Lamar Miller,HOU,RB,4,IND,46,53.5,30.4,0,30.4,30.4,4.9,10.7
532,LeSean McCoy,BUF,RB,4,GB,35,60.3,14.3,17.1,22.9,31.4,6.7,19.1
532,Wendell Smallwood,PHI,RB,7,CAR,35,52.2,25.7,5.7,31.4,31.4,5.7,16.3
532,Jalen Richard,OAK,RB,4,CLE,34,37,2.9,14.7,11.8,17.6,6.6,19.4
532,Carlos Hyde,CLE,RB,6,LAC,32,43.2,43.8,0,43.8,43.8,3.4,10.6
532,Alfred Blue,HOU,RB,3,NYG,16,23.5,25,6.2,31.2,31.2,2.7,16.9
537,Alfred Blue,HOU,RB,7,JAX,27,42.2,29.6,0,29.6,29.6,2.8,10.4
538,Adrian Peterson,WAS,RB,9,ATL,32,46.4,28.1,9.4,37.5,37.5,6.3,19.7
539,Duke Johnson,CLE,RB,5,BAL,41,51.2,12.2,2.4,14.6,14.6,5.2,12.7
540,Nyheim Hines,IND,RB,3,PHI,43,72.9,11.6,11.6,23.3,23.3,9.3,21.6
540,Roc Thomas,MIN,RB,5,PHI,14,22.6,28.6,14.3,35.7,42.9,2.4,17.1
540,Andy Janovich,DEN,FB,2,OAK,11,16.7,0,9.1,9.1,9.1,2.1,19.1
540,Tommy Bohanon,JAX,FB,3,TEN,5,8.8,0,40,20,40,1.5,30
540,Chase Edmonds,ARI,RB,6,MIN,4,6.9,25,0,25,25,0.4,10
540,Roc Thomas,MIN,RB,4,LAR,4,5.4,25,25,25,50,0.4,10
540,Kalen Ballage,MIA,RB,5,CIN,2,3.1,50,0,50,50,0.2,10
540,Dwayne Washington,NO,RB,4,NYG,2,2.9,100,0,100,100,0.2,10
540,Samaje Perine,WAS,RB,7,DAL,2,3.3,100,0,100,100,0.2,10
540,Mike Boone,MIN,RB,5,PHI,1,1.6,100,0,100,100,0.1,10
540,Rob Kelley,WAS,RB,2,IND,1,1.4,100,0,100,100,0.1,10
551,Peyton Barber,TB,RB,4,CHI,31,49.2,22.6,6.5,25.8,29,4,12.9
552,Jamaal Williams,GB,RB,4,BUF,28,36.8,39.3,0,39.3,39.3,2.7,9.6
553,Chase Edmonds,ARI,RB,7,DEN,22,33.3,22.7,13.6,36.4,36.4,5.1,23.2
554,Latavius Murray,MIN,RB,4,LAR,41,55.4,4.9,4.9,9.8,9.8,5.8,14.1
555,Theo Riddick,DET,RB,9,MIN,39,55.7,0,20.5,17.9,20.5,10.6,27.2
556,Rod Smith,DAL,RB,5,HOU,11,17.7,27.3,0,27.3,27.3,1,9.1
556,LeGarrette Blount,DET,RB,9,MIN,11,15.7,45.5,9.1,54.5,54.5,2,18.2
558,Jacquizz Rodgers,TB,RB,8,CIN,33,37.5,3,12.1,15.2,15.2,6.9,20.9
558,Royce Freeman,DEN,RB,6,LAR,25,37.9,36,0,36,36,2.2,8.8
558,Corey Clement,PHI,RB,7,CAR,25,37.3,32,8,40,40,4.2,16.8
558,Spencer Ware,KC,RB,6,NE,16,29.6,12.5,18.8,25,31.2,3.4,21.2
558,CJ Ham,MIN,RB,5,PHI,8,12.9,0,12.5,12.5,12.5,1.7,21.2
558,Mike Davis,SEA,RB,3,DAL,8,11.6,0,12.5,12.5,12.5,1.7,21.2
558,Rob Kelley,WAS,RB,1,ARI,8,10.1,37.5,0,37.5,37.5,0.7,8.8
565,Peyton Barber,TB,RB,7,CLE,35,36.8,31.4,5.7,31.4,37.1,3,8.6
565,Tyler Ervin,HOU,RB,7,JAX,22,34.4,0,4.5,4.5,4.5,2.9,13.2
565,LeGarrette Blount,DET,RB,4,DAL,14,25.9,50,0,50,50,1.2,8.6
565,Alan Cross,TB,FB,7,CLE,7,7.4,0,28.6,14.3,28.6,1.6,22.9
569,Theo Riddick,DET,RB,1,NYJ,41,58.6,9.8,17.1,22,26.8,8.5,20.7
569,Chris Thompson,WAS,RB,8,NYG,26,38.2,11.5,11.5,19.2,23.1,4.2,16.2
569,Mike Boone,MIN,RB,3,BUF,13,19.7,15.4,7.7,23.1,23.1,2.1,16.2
572,Latavius Murray,MIN,RB,2,GB,23,31.5,17.4,0,17.4,17.4,1.9,8.3
573,Latavius Murray,MIN,RB,3,BUF,38,57.6,5.3,18.4,18.4,23.7,8.1,21.3
573,Dion Lewis,TEN,RB,5,BUF,34,63,35.3,11.8,44.1,47.1,6.8,20
575,Peyton Barber,TB,RB,2,PHI,36,62.1,44.4,5.6,47.2,50,3.9,10.8
576,Javorius Allen,BAL,RB,7,NO,30,44.1,10,10,20,20,5.4,18
576,Jonathan Stewart,NYG,RB,1,JAX,10,14.1,20,0,20,20,0.8,8
576,Brandon Wilds,JAX,RB,2,NE,5,7,60,0,60,60,0.4,8
579,Devontae Booker,DEN,RB,1,SEA,19,25.7,10.5,10.5,21.1,21.1,3.5,18.4
580,Alfred Blue,HOU,RB,4,IND,40,46.5,32.5,7.5,32.5,40,3.1,7.8
580,LeSean McCoy,BUF,RB,9,CHI,37,40.7,27,10.8,37.8,37.8,6.9,18.6
580,Malcolm Brown,LAR,RB,8,GB,9,11.5,11.1,0,11.1,11.1,0.7,7.8
583,Devontae Booker,DEN,RB,2,OAK,22,33.3,13.6,0,13.6,13.6,1.7,7.7
584,Jordan Howard,CHI,RB,4,TB,33,54.1,33.3,3,33.3,36.4,2.5,7.6
584,Trenton Cannon,NYJ,RB,8,CHI,29,53.7,20.7,13.8,31,34.5,5.2,17.9
586,Peyton Barber,TB,RB,3,PIT,44,59.5,18.2,4.5,18.2,22.7,3.3,7.5
586,Frank Gore,MIA,RB,3,OAK,16,36.4,37.5,0,37.5,37.5,1.2,7.5
588,Kenyan Drake,MIA,RB,4,NE,22,44.9,13.6,9.1,18.2,22.7,2.6,11.8
588,Keith Smith,OAK,FB,8,IND,11,22,0,9.1,9.1,9.1,1.8,16.4
590,Mark Walton,CIN,RB,7,KC,14,23.7,28.6,0,28.6,28.6,1,7.1
590,CJ Ham,MIN,RB,2,GB,7,9.6,14.3,0,14.3,14.3,0.5,7.1
590,Taquan Mizzell,CHI,RB,9,BUF,7,13.7,0,28.6,14.3,28.6,1.5,21.4
593,Duke Johnson,CLE,RB,8,PIT,23,35.9,8.7,13,17.4,21.7,3.6,15.7
593,Devontae Booker,DEN,RB,4,KC,20,33.3,5,10,10,15,2.4,12
595,Javorius Allen,BAL,RB,6,TEN,28,37.3,3.6,10.7,14.3,14.3,4.9,17.5
595,Chris Thompson,WAS,RB,3,GB,25,41,24,8,28,32,2.7,10.8
595,Chris Ivory,BUF,RB,4,GB,22,37.9,27.3,0,27.3,27.3,1.5,6.8
598,Stevan Ridley,PIT,RB,5,ATL,12,19.7,41.7,0,41.7,41.7,0.8,6.7
598,Michael Burton,CHI,FB,1,GB,9,12.9,0,11.1,11.1,11.1,1.6,17.8
598,David Fluellen,TEN,RB,7,LAC,3,4.2,33.3,0,33.3,33.3,0.2,6.7
601,Kapri Bibbs,WAS,RB,6,CAR,26,37.1,7.7,7.7,11.5,15.4,2.7,10.4
601,Jacquizz Rodgers,TB,RB,3,PIT,26,35.1,7.7,11.5,15.4,19.2,3.7,14.2
603,Ezekiel Elliott,DAL,RB,7,WAS,66,100,22.7,9.1,25.8,31.8,6.2,9.4
603,Giovani Bernard,CIN,RB,1,IND,14,25.5,7.1,7.1,14.3,14.3,1.9,13.6
605,James Develin,NE,RB,1,HOU,35,46.7,0,11.4,11.4,11.4,6.2,17.7
605,Jacquizz Rodgers,TB,RB,7,CLE,30,31.6,10,3.3,13.3,13.3,2.9,9.7
607,LeSean McCoy,BUF,RB,1,BAL,34,53.1,20.6,8.8,23.5,29.4,3.1,9.1
608,Duke Johnson,CLE,RB,1,PIT,41,46.1,12.2,14.6,14.6,26.8,3.5,8.5
609,Andy Janovich,DEN,FB,9,HOU,15,22.7,0,6.7,6.7,6.7,1.9,12.7
610,Jamaal Charles,JAX,RB,6,DAL,17,35.4,29.4,11.8,35.3,41.2,2,11.8
611,Marcus Murphy,BUF,RB,2,LAC,23,37.1,13,21.7,17.4,34.8,2.3,10
611,Kenjon Barner,NE,RB,8,BUF,7,9.2,28.6,0,28.6,28.6,0.4,5.7
613,Chris Ivory,BUF,RB,6,HOU,16,25.8,37.5,6.2,43.8,43.8,1.9,11.9
614,Duke Johnson,CLE,RB,7,TB,35,51.5,2.9,11.4,14.3,14.3,5.9,16.9
614,Javorius Allen,BAL,RB,9,PIT,26,42.6,3.8,19.2,23.1,23.1,6.4,24.6
614,Ricky Ortiz,ATL,RB,7,NYG,13,20,0,15.4,15.4,15.4,2.7,20.8
617,Alfred Morris,SF,RB,1,MIN,34,51.5,35.3,0,35.3,35.3,2.8,8.2
618,Jordan Wilkins,IND,RB,4,HOU,31,34.4,25.8,3.2,25.8,29,1.6,5.2
619,Corey Grant,JAX,RB,3,TEN,20,35.1,30,10,35,40,2,10
619,Rashaad Penny,SEA,RB,3,DAL,10,14.5,30,0,30,30,0.5,5
619,Tommy Bohanon,JAX,FB,7,HOU,10,14.7,0,10,10,10,1.5,15
619,Rod Smith,DAL,RB,6,JAX,8,11,62.5,0,62.5,62.5,0.4,5
619,Mike Boone,MIN,RB,7,NYJ,8,11.6,50,12.5,50,62.5,0.4,5
619,Kapri Bibbs,WAS,RB,3,GB,6,9.8,33.3,0,33.3,33.3,0.3,5
619,Corey Grant,JAX,RB,1,NYG,6,9.5,16.7,0,16.7,16.7,0.3,5
619,Spencer Ware,KC,RB,2,PIT,6,10.3,16.7,0,16.7,16.7,0.3,5
619,LeSean McCoy,BUF,RB,7,IND,2,3.6,100,0,100,100,0.1,5
628,Jay Ajayi,PHI,RB,5,MIN,29,49.2,27.6,3.4,31,31,3.4,11.7
629,Mark Ingram,NO,RB,9,LAR,34,47.9,26.5,5.9,29.4,32.4,3.6,10.6
630,Tarik Cohen,CHI,RB,9,BUF,28,54.9,21.4,7.1,25,28.6,2.3,8.2
631,Dion Lewis,TEN,RB,6,BAL,32,72.7,15.6,6.2,21.9,21.9,3.4,10.6
632,Duke Johnson,CLE,RB,2,NO,23,37.1,13,8.7,21.7,21.7,3,13
632,Chris Ivory,BUF,RB,1,BAL,7,10.9,42.9,0,42.9,42.9,0.3,4.3
634,Wendell Smallwood,PHI,RB,2,TB,24,30.4,29.2,4.2,33.3,33.3,3,12.5
635,Kyle Juszczyk,SF,FB,4,LAC,37,61.7,0,8.1,5.4,8.1,3.5,9.5
636,Alex Armah,CAR,RB,5,NYG,10,14.1,10,0,10,10,0.4,4
636,Derrick Coleman,ARI,FB,6,MIN,5,8.6,20,0,20,20,0.2,4
638,Carlos Hyde,JAX,RB,8,PHI,28,43.8,21.4,7.1,21.4,28.6,1.1,3.9
639,Kyle Juszczyk,SF,FB,7,LAR,34,58.6,2.9,8.8,8.8,11.8,3.3,9.7
639,Jacquizz Rodgers,TB,RB,9,CAR,26,38.8,7.7,11.5,15.4,19.2,3,11.5
639,Corey Clement,PHI,RB,8,JAX,13,21,30.8,7.7,38.5,38.5,1.5,11.5
639,Jamize Olawale,DAL,FB,6,JAX,8,11,0,12.5,12.5,12.5,1.3,16.2
639,Jalen Richard,OAK,RB,2,DEN,8,12.3,25,0,25,25,0.3,3.8
644,CJ Ham,MIN,RB,4,LAR,20,27,0,10,10,10,2.7,13.5
645,Kenyan Drake,MIA,RB,3,OAK,29,65.9,17.2,13.8,24.1,31,3,10.3
646,Wayne Gallman,NYG,RB,4,NO,9,14.5,22.2,33.3,55.6,55.6,4.3,47.8
646,Stevan Ridley,PIT,RB,6,CIN,6,8.2,16.7,0,16.7,16.7,0.2,3.3
646,David Williams,JAX,RB,7,HOU,6,8.8,16.7,0,16.7,16.7,0.2,3.3
646,Elijhaa Penny,NYG,RB,7,ATL,6,9.4,16.7,0,16.7,16.7,0.2,3.3
646,Jaylen Samuels,PIT,FB,9,BAL,6,7.4,16.7,0,16.7,16.7,0.2,3.3
646,Damien Williams,KC,RB,6,NE,3,5.6,33.3,0,33.3,33.3,0.1,3.3
646,Derrick Coleman,ARI,FB,2,LAR,3,6.7,33.3,0,33.3,33.3,0.1,3.3
646,CJ Anderson,CAR,RB,9,TB,3,4.8,33.3,0,33.3,33.3,0.1,3.3
654,Kyle Juszczyk,SF,FB,2,DET,40,62.5,0,10,7.5,10,4.3,10.8
654,Kyle Juszczyk,SF,FB,9,OAK,34,61.8,2.9,5.9,8.8,8.8,3.1,9.1
656,Kyle Juszczyk,SF,FB,6,GB,39,68.4,0,7.7,7.7,7.7,5,12.8
656,James Develin,NE,RB,8,BUF,27,35.5,0,7.4,3.7,7.4,1.7,6.3
658,Spencer Ware,KC,RB,4,DEN,24,30.8,8.3,0,8.3,8.3,0.6,2.5
658,Mark Walton,CIN,RB,5,MIA,12,20,0,25,16.7,25,2.3,19.2
658,Mike Boone,MIN,RB,4,LAR,4,5.4,0,25,25,25,1.1,27.5
661,Jonathan Williams,NO,RB,3,ATL,9,11.4,11.1,11.1,22.2,22.2,1.2,13.3
661,Tre Madden,SEA,RB,3,DAL,9,13,11.1,0,11.1,11.1,0.2,2.2
661,Damien Williams,KC,RB,2,PIT,9,15.5,0,11.1,11.1,11.1,1.2,13.3
661,Mike Davis,SEA,RB,2,CHI,9,13.6,33.3,11.1,44.4,44.4,1.2,13.3
665,Kyle Juszczyk,SF,FB,8,ARI,47,71.2,4.3,2.1,4.3,6.4,1,2.1
666,Jacquizz Rodgers,TB,RB,1,NO,15,22.7,13.3,6.7,20,20,1.3,8.7
666,Jonathan Stewart,NYG,RB,2,DAL,5,7.4,40,0,40,40,0.1,2
668,Zach Line,NO,FB,2,CLE,22,33.3,0,4.5,4.5,4.5,1.4,6.4
668,Nick Chubb,CLE,RB,5,BAL,11,13.8,27.3,9.1,27.3,36.4,0.2,1.8
670,Doug Martin,OAK,RB,5,LAC,6,11.5,33.3,16.7,33.3,50,0.1,1.7
670,Tre Madden,SEA,RB,8,DET,6,9.5,33.3,0,33.3,33.3,0.1,1.7
672,Isaiah Crowell,NYJ,RB,4,JAX,20,36.4,20,5,25,25,1.3,6.5
672,Andy Janovich,DEN,FB,3,BAL,13,19.1,7.7,0,7.7,7.7,0.2,1.5
674,Chase Edmonds,ARI,RB,4,SEA,7,11.7,42.9,0,42.9,42.9,0.1,1.4
674,Derek Watt,LAC,FB,1,KC,7,8.5,14.3,0,14.3,14.3,0.1,1.4
676,Zach Line,NO,FB,9,LAR,23,32.4,0,4.3,4.3,4.3,1.3,5.7
677,Tyler Ervin,HOU,RB,8,MIA,35,57.4,0,2.9,2.9,2.9,1.4,4
677,Keith Smith,OAK,FB,3,MIA,19,25,5.3,5.3,10.5,10.5,1.2,6.3
679,CJ Ham,MIN,RB,8,NO,10,13.7,20,0,20,20,0.1,1
680,James Develin,NE,RB,6,KC,33,42.3,0,6.1,6.1,6.1,2.3,7
680,Ronald Jones II,TB,RB,8,CIN,11,12.5,18.2,9.1,27.3,27.3,1.1,10
682,CJ Ham,MIN,RB,6,ARI,14,19.7,7.1,7.1,7.1,14.3,0.1,0.7
683,Alex Armah,CAR,RB,3,CIN,17,25.4,5.9,0,5.9,5.9,0.1,0.6
684,Robert Turbin,IND,RB,5,NE,9,10.8,0,11.1,0,11.1,0,0
684,James Develin,NE,RB,5,IND,15,21.7,0,0,0,0,0,0
684,Taiwan Jones,BUF,RB,5,TEN,1,1.5,0,100,0,100,0,0
684,Patrick DiMarco,BUF,FB,5,TEN,13,20,0,0,0,0,0,0
684,David Fluellen,TEN,RB,5,BUF,0,0,0,0,0,0,0,0
684,Brandon Bolden,MIA,RB,5,CIN,0,0,0,0,0,0,0,0
684,Senorise Perry,MIA,RB,5,CIN,0,0,0,0,0,0,0,0
684,Thomas Rawls,CIN,RB,5,MIA,2,3.3,0,0,0,0,0,0
684,Patrick Ricard,BAL,FB,5,CLE,5,5.7,0,0,0,0,0,0
684,Nick Bellore,DET,RB,5,GB,11,17.7,0,0,0,0,0,0
684,Ameer Abdullah,DET,RB,5,GB,0,0,0,0,0,0,0,0
684,Tommy Bohanon,JAX,FB,5,KC,11,13.3,0,9.1,0,9.1,0,0
684,Damien Williams,KC,RB,5,JAX,2,2.9,50,0,50,50,0,0
684,Andy Janovich,DEN,FB,5,NYJ,10,13,0,0,0,0,0,0
684,Trenton Cannon,NYJ,RB,5,DEN,1,1.6,0,0,0,0,0,0
684,Roosevelt Nix,PIT,RB,5,ATL,8,13.1,0,0,0,0,0,0
684,Ricky Ortiz,ATL,RB,5,PIT,13,18.1,0,7.7,0,7.7,0,0
684,Jaylen Samuels,PIT,FB,5,ATL,2,3.3,0,0,0,0,0,0
684,Elijhaa Penny,NYG,RB,5,CAR,0,0,0,0,0,0,0,0
684,Wayne Gallman,NYG,RB,5,CAR,8,14.3,0,0,0,0,0,0
684,Keith Smith,OAK,FB,5,LAC,7,13.5,0,0,0,0,0,0
684,Derek Watt,LAC,FB,5,OAK,14,21.9,0,0,0,0,0,0
684,Derrick Coleman,ARI,FB,5,SF,9,17.6,0,0,0,0,0,0
684,Malcolm Brown,LAR,RB,5,SEA,0,0,0,0,0,0,0,0
684,Tre Madden,SEA,RB,5,LAR,6,10,0,16.7,0,16.7,0,0
684,Justin Davis,LAR,RB,5,SEA,0,0,0,0,0,0,0,0
684,Rashaad Penny,SEA,RB,5,LAR,0,0,0,0,0,0,0,0
684,Jamize Olawale,DAL,FB,5,HOU,6,9.7,0,0,0,0,0,0
684,Tyler Ervin,HOU,RB,5,DAL,3,3.8,0,33.3,0,33.3,0,0
684,Gregory Howell Jr.,HOU,RB,5,DAL,0,0,0,0,0,0,0,0
684,Zach Line,NO,FB,5,WAS,15,22.7,0,0,0,0,0,0
684,Elijhaa Penny,NYG,RB,6,PHI,3,4.6,0,0,0,0,0,0
684,Josh Adams,PHI,RB,6,NYG,0,0,0,0,0,0,0,0
684,Jacquizz Rodgers,TB,RB,6,ATL,10,15.2,0,0,0,0,0,0
684,Alan Cross,TB,FB,6,ATL,2,3,0,0,0,0,0,0
684,Ricky Ortiz,ATL,RB,6,TB,13,19.4,0,0,0,0,0,0
684,Roosevelt Nix,PIT,RB,6,CIN,17,23.3,0,5.9,0,5.9,0,0
684,Jaylen Samuels,PIT,FB,6,CIN,0,0,0,0,0,0,0,0
684,Derek Watt,LAC,FB,6,CLE,10,16.7,0,0,0,0,0,0
684,Dontrell Hilliard,CLE,RB,6,LAC,0,0,0,0,0,0,0,0
684,Keith Smith,OAK,FB,6,SEA,6,10,0,0,0,0,0,0
684,Tre Madden,SEA,RB,6,OAK,6,9.4,0,0,0,0,0,0
684,Brandon Bolden,MIA,RB,6,CHI,0,0,0,0,0,0,0,0
684,Senorise Perry,MIA,RB,6,CHI,0,0,0,0,0,0,0,0
684,Jordan Wilkins,IND,RB,6,NYJ,0,0,0,0,0,0,0,0
684,Trenton Cannon,NYJ,RB,6,IND,3,4.2,0,0,0,0,0,0
684,CJ Anderson,CAR,RB,6,WAS,1,1.7,0,0,0,0,0,0
684,Samaje Perine,WAS,RB,6,CAR,8,11.4,12.5,12.5,25,25,1,12.5
684,Alex Armah,CAR,RB,6,WAS,2,3.3,0,0,0,0,0,0
684,Taiwan Jones,BUF,RB,6,HOU,0,0,0,0,0,0,0,0
684,Patrick DiMarco,BUF,FB,6,HOU,12,19.4,0,0,0,0,0,0
684,Tyler Ervin,HOU,RB,6,BUF,0,0,0,0,0,0,0,0
684,Gregory Howell Jr.,HOU,RB,6,BUF,0,0,0,0,0,0,0,0
684,Andy Janovich,DEN,FB,6,LAR,17,25.8,0,0,0,0,0,0
684,Justin Davis,LAR,RB,6,DEN,0,0,0,0,0,0,0,0
684,Tommy Bohanon,JAX,FB,6,DAL,4,8.3,0,0,0,0,0,0
684,David Fluellen,TEN,RB,6,BAL,0,0,0,0,0,0,0,0
684,Alfred Morris,SF,RB,6,GB,1,1.8,0,0,0,0,0,0
684,Trenton Cannon,NYJ,RB,3,CLE,0,0,0,0,0,0,0,0
684,Brian Hill,ATL,RB,3,NO,0,0,0,0,0,0,0,0
684,Ricky Ortiz,ATL,RB,3,NO,9,13.2,0,0,0,0,0,0
684,Brandon Bolden,MIA,RB,3,OAK,0,0,0,0,0,0,0,0
684,Senorise Perry,MIA,RB,3,OAK,0,0,0,0,0,0,0,0
684,Taiwan Jones,BUF,RB,3,MIN,0,0,0,0,0,0,0,0
684,Patrick DiMarco,BUF,FB,3,MIN,12,17.9,0,0,0,0,0,0
684,Cameron Artis-Payne,CAR,RB,3,CIN,0,0,0,0,0,0,0,0
684,Mark Walton,CIN,RB,3,CAR,7,10.8,0,0,0,0,0,0
684,Patrick Ricard,BAL,FB,3,DEN,13,18.1,0,0,0,0,0,0
684,De'Lance Turner,BAL,RB,3,DEN,0,0,0,0,0,0,0,0
684,Tyler Ervin,HOU,RB,3,NYG,0,0,0,0,0,0,0,0
684,Gregory Howell Jr.,HOU,RB,3,NYG,0,0,0,0,0,0,0,0
684,Derek Watt,LAC,FB,3,LAR,8,15.4,0,0,0,0,0,0
684,Justin Davis,LAR,RB,3,LAC,0,0,0,0,0,0,0,0
684,Detrez Newsome,LAC,RB,3,LAR,0,0,0,0,0,0,0,0
684,Michael Burton,CHI,FB,3,ARI,1,1.4,0,0,0,0,0,0
684,Jamize Olawale,DAL,FB,3,SEA,3,4.9,0,0,0,0,0,0
684,Rod Smith,DAL,RB,3,SEA,3,4.9,0,0,0,0,0,0
684,James Develin,NE,RB,3,DET,8,16.7,0,12.5,0,12.5,0,0
684,Roosevelt Nix,PIT,RB,3,TB,11,16.7,0,0,0,0,0,0
684,Alan Cross,TB,FB,3,PIT,3,4.1,0,0,0,0,0,0
684,Jaylen Samuels,PIT,FB,3,TB,0,0,0,0,0,0,0,0
684,Malcolm Brown,LAR,RB,4,MIN,2,3.6,0,0,0,0,0,0
684,Justin Davis,LAR,RB,4,MIN,0,0,0,0,0,0,0,0
684,Brian Hill,ATL,RB,4,CIN,0,0,0,0,0,0,0,0
684,Ricky Ortiz,ATL,RB,4,CIN,12,17.1,0,0,0,0,0,0
684,Jacquizz Rodgers,TB,RB,4,CHI,11,17.5,0,0,0,0,0,0
684,Benjamin Cunningham,CHI,RB,4,TB,4,6.6,25,0,25,25,0,0
684,Michael Burton,CHI,FB,4,TB,7,11.5,0,0,0,0,0,0
684,Alan Cross,TB,FB,4,CHI,3,4.8,0,0,0,0,0,0
684,Nick Bellore,DET,RB,4,DAL,4,7.4,0,0,0,0,0,0
684,Jamize Olawale,DAL,FB,4,DET,6,8.7,0,0,0,0,0,0
684,Taiwan Jones,BUF,RB,4,GB,1,1.7,0,100,0,100,0,0
684,Patrick DiMarco,BUF,FB,4,GB,4,6.9,0,0,0,0,0,0
684,Tyler Ervin,HOU,RB,4,IND,0,0,0,0,0,0,0,0
684,Gregory Howell Jr.,HOU,RB,4,IND,0,0,0,0,0,0,0,0
684,Brandon Bolden,MIA,RB,4,NE,0,0,0,0,0,0,0,0
684,James Develin,NE,RB,4,MIA,33,40.7,0,3,0,3,0,0
684,Senorise Perry,MIA,RB,4,NE,0,0,0,0,0,0,0,0
684,Tommy Bohanon,JAX,FB,4,NYJ,2,2.6,0,0,0,0,0,0
684,Trenton Cannon,NYJ,RB,4,JAX,0,0,0,0,0,0,0,0
684,Keith Smith,OAK,FB,4,CLE,13,14.1,0,0,0,0,0,0
684,CJ Prosise,SEA,RB,4,ARI,3,4.5,0,0,0,0,0,0
684,Tre Madden,SEA,RB,4,ARI,4,6.1,0,0,0,0,0,0
684,Zach Line,NO,FB,4,NYG,18,25.7,0,11.1,0,11.1,0,0
684,Raheem Mostert,SF,RB,4,LAC,1,1.7,0,0,0,0,0,0
684,Derek Watt,LAC,FB,4,SF,11,16.2,0,0,0,0,0,0
684,Roosevelt Nix,PIT,RB,4,BAL,1,1.6,0,0,0,0,0,0
684,Patrick Ricard,BAL,FB,4,PIT,11,14.3,0,0,0,0,0,0
684,Jaylen Samuels,PIT,FB,4,BAL,0,0,0,0,0,0,0,0
684,Anthony Sherman,KC,FB,4,DEN,4,5.1,0,0,0,0,0,0
684,Damien Williams,KC,RB,4,DEN,3,3.8,0,0,0,0,0,0
684,Wendell Smallwood,PHI,RB,1,ATL,1,1.4,0,0,0,0,0,0
684,Ricky Ortiz,ATL,RB,1,PHI,10,14.3,0,0,0,0,0,0
684,Ito Smith,ATL,RB,1,PHI,0,0,0,0,0,0,0,0
684,Stevan Ridley,PIT,RB,1,CLE,0,0,0,0,0,0,0,0
684,Roosevelt Nix,PIT,RB,1,CLE,19,22.6,0,0,0,0,0,0
684,Tra Carson,CIN,RB,1,IND,3,5.5,0,0,0,0,0,0
684,Brandon Bolden,MIA,RB,1,TEN,0,0,0,0,0,0,0,0
684,David Fluellen,TEN,RB,1,MIA,0,0,0,0,0,0,0,0
684,Senorise Perry,MIA,RB,1,TEN,0,0,0,0,0,0,0,0
684,Raheem Mostert,SF,RB,1,MIN,1,1.5,0,0,0,0,0,0
684,CJ Ham,MIN,RB,1,SF,13,18.3,0,15.4,0,15.4,0,0
684,Zach Line,NO,FB,1,TB,11,17.2,0,9.1,0,9.1,0,0
684,Jonathan Williams,NO,RB,1,TB,3,4.7,33.3,0,33.3,33.3,0,0
684,Alan Cross,TB,FB,1,NO,15,22.7,0,6.7,0,6.7,0,0
684,Tommy Bohanon,JAX,FB,1,NYG,12,19,0,0,0,0,0,0
684,Shane Smith,NYG,FB,1,JAX,5,7,0,0,0,0,0,0
684,Taiwan Jones,BUF,RB,1,BAL,0,0,0,0,0,0,0,0
684,Patrick DiMarco,BUF,FB,1,BAL,1,1.6,0,0,0,0,0,0
684,Patrick Ricard,BAL,FB,1,BUF,14,17.5,0,0,0,0,0,0
684,Damien Williams,KC,RB,1,LAC,5,8.9,20,0,20,20,0,0
684,Detrez Newsome,LAC,RB,1,KC,0,0,0,0,0,0,0,0
684,CJ Prosise,SEA,RB,1,DEN,7,12.3,0,0,0,0,0,0
684,Andy Janovich,DEN,FB,1,SEA,13,17.6,0,0,0,0,0,0
684,Derrick Coleman,ARI,FB,1,WAS,5,9.4,0,0,0,0,0,0
684,Jamize Olawale,DAL,FB,1,CAR,6,9.4,0,0,0,0,0,0
684,Benjamin Cunningham,CHI,RB,1,GB,0,0,0,0,0,0,0,0
684,Darius Jackson,GB,RB,1,CHI,0,0,0,0,0,0,0,0
684,Nick Bellore,DET,RB,1,NYJ,6,8.6,0,0,0,0,0,0
684,Keith Smith,OAK,FB,1,LAR,7,9.5,0,0,0,0,0,0
684,Derrick Coleman,ARI,FB,7,DEN,1,1.5,0,0,0,0,0,0
684,Andy Janovich,DEN,FB,7,ARI,20,33.9,0,0,0,0,0,0
684,Derek Watt,LAC,FB,7,TEN,3,6.8,0,0,0,0,0,0
684,Detrez Newsome,LAC,RB,7,TEN,0,0,0,0,0,0,0,0
684,James Develin,NE,RB,7,CHI,15,23.4,0,6.7,0,6.7,0,0
684,Benjamin Cunningham,CHI,RB,7,NE,0,0,0,0,0,0,0,0
684,Patrick DiMarco,BUF,FB,7,IND,7,12.5,0,0,0,0,0,0
684,Anthony Sherman,KC,FB,7,CIN,11,15.7,0,0,0,0,0,0
684,Damien Williams,KC,RB,7,CIN,2,2.9,0,0,0,0,0,0
684,Nick Bellore,DET,RB,7,MIA,14,21.9,0,0,0,0,0,0
684,Brandon Bolden,MIA,RB,7,DET,0,0,0,0,0,0,0,0
684,Senorise Perry,MIA,RB,7,DET,0,0,0,0,0,0,0,0
684,Kalen Ballage,MIA,RB,7,DET,3,5.4,0,0,0,0,0,0
684,CJ Ham,MIN,RB,7,NYJ,2,2.9,0,0,0,0,0,0
684,CJ Anderson,CAR,RB,7,PHI,3,5.1,0,0,0,0,0,0
684,Alex Armah,CAR,RB,7,PHI,3,5.1,0,0,0,0,0,0
684,Dontrell Hilliard,CLE,RB,7,TB,0,0,0,0,0,0,0,0
684,Gregory Howell Jr.,HOU,RB,7,JAX,0,0,0,0,0,0,0,0
684,Zach Line,NO,FB,7,BAL,14,19.7,0,0,0,0,0,0
684,Patrick Ricard,BAL,FB,7,NO,2,2.9,0,0,0,0,0,0
684,Gus Edwards,BAL,RB,7,NO,7,10.3,28.6,0,28.6,28.6,0,0
684,Jamize Olawale,DAL,FB,7,WAS,1,1.5,0,0,0,0,0,0
684,Rod Smith,DAL,RB,7,WAS,0,0,0,0,0,0,0,0
684,Wayne Gallman,NYG,RB,7,ATL,5,7.8,0,0,0,0,0,0
684,Tra Carson,CIN,RB,2,BAL,2,2.6,0,0,0,0,0,0
684,Patrick Ricard,BAL,FB,2,CIN,5,5.9,0,0,0,0,0,0
684,De'Lance Turner,BAL,RB,2,CIN,0,0,0,0,0,0,0,0
684,Cameron Artis-Payne,CAR,RB,2,ATL,0,0,0,0,0,0,0,0
684,Brian Hill,ATL,RB,2,CAR,0,0,0,0,0,0,0,0
684,Ricky Ortiz,ATL,RB,2,CAR,12,19,0,0,0,0,0,0
684,Taiwan Jones,BUF,RB,2,LAC,0,0,0,0,0,0,0,0
684,Derek Watt,LAC,FB,2,BUF,7,12.3,0,0,0,0,0,0
684,Detrez Newsome,LAC,RB,2,BUF,3,5.3,33.3,0,33.3,33.3,0,0
684,Darius Jackson,GB,RB,2,MIN,0,0,0,0,0,0,0,0
684,David Fluellen,TEN,RB,2,HOU,0,0,0,0,0,0,0,0
684,Tyler Ervin,HOU,RB,2,TEN,0,0,0,0,0,0,0,0
684,Gregory Howell Jr.,HOU,RB,2,TEN,0,0,0,0,0,0,0,0
684,Brandon Bolden,MIA,RB,2,NYJ,0,0,0,0,0,0,0,0
684,Senorise Perry,MIA,RB,2,NYJ,0,0,0,0,0,0,0,0
684,Trenton Cannon,NYJ,RB,2,MIA,0,0,0,0,0,0,0,0
684,Anthony Sherman,KC,FB,2,PIT,13,22.4,0,0,0,0,0,0
684,Alan Cross,TB,FB,2,PHI,11,19,0,0,0,0,0,0
684,TJ Logan,ARI,RB,2,LAR,0,0,0,0,0,0,0,0
684,Justin Davis,LAR,RB,2,ARI,0,0,0,0,0,0,0,0
684,Nick Bellore,DET,RB,2,SF,6,7.8,0,0,0,0,0,0
684,Raheem Mostert,SF,RB,2,DET,0,0,0,0,0,0,0,0
684,James Develin,NE,RB,2,JAX,20,32.8,0,5,0,5,0,0
684,Tommy Bohanon,JAX,FB,2,NE,6,8.5,0,0,0,0,0,0
684,Jamize Olawale,DAL,FB,2,NYG,9,17,0,0,0,0,0,0
684,Rod Smith,DAL,RB,2,NYG,3,5.7,0,0,0,0,0,0
684,Shane Smith,NYG,FB,2,DAL,4,5.9,0,0,0,0,0,0
684,Benjamin Cunningham,CHI,RB,2,SEA,0,0,0,0,0,0,0,0
684,Tre Madden,SEA,RB,2,CHI,6,9.1,0,0,0,0,0,0
684,Brandon Bolden,MIA,RB,8,HOU,0,0,0,0,0,0,0,0
684,Senorise Perry,MIA,RB,8,HOU,0,0,0,0,0,0,0,0
684,Gregory Howell Jr.,HOU,RB,8,MIA,0,0,0,0,0,0,0,0
684,Tommy Bohanon,JAX,FB,8,PHI,6,9.4,0,0,0,0,0,0
684,Benjamin Cunningham,CHI,RB,8,NYJ,5,7.6,0,0,0,0,0,0
684,Alan Cross,TB,FB,8,CIN,6,6.8,0,0,0,0,0,0
684,Nick Bellore,DET,RB,8,SEA,2,3.4,0,0,0,0,0,0
684,CJ Prosise,SEA,RB,8,DET,0,0,0,0,0,0,0,0
684,Rashaad Penny,SEA,RB,8,DET,0,0,0,0,0,0,0,0
684,Spencer Ware,KC,RB,8,DEN,9,15.5,0,0,0,0,0,0
684,Andy Janovich,DEN,FB,8,KC,18,24.7,0,0,0,0,0,0
684,Kapri Bibbs,WAS,RB,8,NYG,1,1.5,0,0,0,0,0,0
684,Elijhaa Penny,NYG,RB,8,WAS,2,2.9,0,0,0,0,0,0
684,Roosevelt Nix,PIT,RB,8,CLE,10,14.1,0,0,0,0,0,0
684,Alex Armah,CAR,RB,8,BAL,10,15.4,0,0,0,0,0,0
684,Patrick Ricard,BAL,FB,8,CAR,5,7.4,0,0,0,0,0,0
684,Derrick Coleman,ARI,FB,8,SF,1,1.5,0,0,0,0,0,0
684,TJ Logan,ARI,RB,8,SF,1,1.5,0,0,0,0,0,0
684,Zach Line,NO,FB,8,MIN,7,13.2,0,0,0,0,0,0
684,Patrick DiMarco,BUF,FB,8,NE,12,18.8,0,8.3,8.3,8.3,1,8.3
684,Marcus Murphy,BUF,RB,8,NE,1,1.6,0,0,0,0,0,0
684,Keith Smith,OAK,FB,9,SF,10,17.5,0,0,0,0,0,0
684,Patrick DiMarco,BUF,FB,9,CHI,3,3.3,0,0,0,0,0,0
684,Benjamin Cunningham,CHI,RB,9,BUF,6,11.8,0,0,0,0,0,0
684,Michael Burton,CHI,FB,9,BUF,8,15.7,0,0,0,0,0,0
684,Dontrell Hilliard,CLE,RB,9,KC,4,5.3,0,25,0,25,0,0
684,Anthony Sherman,KC,FB,9,CLE,5,7.8,0,0,0,0,0,0
684,Damien Williams,KC,RB,9,CLE,0,0,0,0,0,0,0,0
684,Brandon Bolden,MIA,RB,9,NYJ,0,0,0,0,0,0,0,0
684,Senorise Perry,MIA,RB,9,NYJ,0,0,0,0,0,0,0,0
684,Nick Bellore,DET,RB,9,MIN,6,8.6,0,0,0,0,0,0
684,CJ Ham,MIN,RB,9,DET,2,4.1,0,0,0,0,0,0
684,Mike Boone,MIN,RB,9,DET,3,6.1,0,0,0,0,0,0
684,Ricky Ortiz,ATL,RB,9,WAS,6,8.8,0,0,0,0,0,0
684,Alan Cross,TB,FB,9,CAR,4,6,0,25,0,25,0,0
684,Roosevelt Nix,PIT,RB,9,BAL,0,0,0,0,0,0,0,0
684,Patrick Ricard,BAL,FB,9,PIT,9,14.8,0,0,0,0,0,0
684,Tyler Ervin,HOU,RB,9,DEN,10,16.1,0,0,0,0,0,0
684,Gregory Howell Jr.,HOU,RB,9,DEN,0,0,0,0,0,0,0,0
684,Derek Watt,LAC,FB,9,SEA,11,21.6,0,0,0,0,0,0
684,Tre Madden,SEA,RB,9,LAC,4,4.9,0,0,0,0,0,0
684,Justin Davis,LAR,RB,9,NO,0,0,0,0,0,0,0,0
684,Dwayne Washington,NO,RB,9,LAR,0,0,0,0,0,0,0,0
684,James Develin,NE,RB,9,GB,17,23.9,0,11.8,5.9,11.8,1,5.9
684,Tra Carson,GB,RB,9,NE,0,0,0,0,0,0,0,0
684,Jamize Olawale,DAL,FB,9,TEN,4,6.8,0,0,0,0,0,0
684,David Fluellen,TEN,RB,9,DAL,0,0,0,0,0,0,0,0
924,Marcus Murphy,BUF,RB,9,CHI,24,26.4,4.2,16.7,16.7,20.8,2.9,12.1
925,Mark Walton,CIN,RB,6,PIT,19,31.1,10.5,0,10.5,10.5,-0.2,-1.1
926,Devontae Booker,DEN,RB,7,ARI,6,10.2,0,16.7,16.7,16.7,0.9,15
926,Jonathan Williams,NO,RB,2,CLE,6,9.1,16.7,0,16.7,16.7,-0.1,-1.7
928,LeGarrette Blount,DET,RB,1,NYJ,13,18.6,30.8,0,30.8,30.8,-0.3,-2.3
929,Chase Edmonds,ARI,RB,5,SF,3,5.9,33.3,33.3,33.3,66.7,-0.1,-3.3
930,Wayne Gallman,NYG,RB,8,WAS,2,2.9,50,0,50,50,-0.1,-5
931,Robert Turbin,IND,RB,6,NYJ,13,18.8,30.8,7.7,38.5,38.5,1.3,10
932,Roc Thomas,MIN,RB,6,ARI,5,7,20,0,20,20,-0.4,-8
933,Raheem Mostert,SF,RB,5,ARI,13,13.3,38.5,7.7,46.2,46.2,0.9,6.9
934,Josh Adams,PHI,RB,5,MIN,1,1.7,100,0,100,100,-0.1,-10
934,Anthony Sherman,KC,FB,6,NE,2,3.7,0,50,50,50,0.8,40
934,Matt Breida,SF,RB,7,LAR,5,8.6,100,0,100,100,0.5,10
937,Stevan Ridley,PIT,RB,8,CLE,6,8.5,0,33.3,33.3,33.3,2.3,38.3
938,Nick Bellore,DET,RB,3,NE,4,5.4,0,25,25,25,0.5,12.5
939,Mike Gillislee,NO,RB,1,TB,7,10.9,42.9,0,42.9,42.9,-0.1,-1.4
940,Ty Montgomery,GB,RB,8,LAR,6,11.5,33.3,33.3,50,66.7,0.8,13.3
941,Ameer Abdullah,DET,RB,8,SEA,4,6.8,0,25,25,25,0.6,15
